b	d	dz	d虪蕭	伞b	伞	6/6	1.0
v		z	蕭	-		3/5	0.679217665409823
p	t	ts	t虪蕛	kp	k	6/6	1.0
f		s	蕛	-		3/5	0.6996525911823187
4/4	2/4	4/4	4/4	2/2	2/4
1.0	0.9036894656578184	1.0	1.0	1.0	0.8231799477121992
