p	t酞	kp	c	k	5/5	1.0
b	d酞	伞b	蔁	伞	5/5	1.0
mb	n酞d酞	艐m伞b	刹蔁	艐伞	5/5	1.0
蓳	蓷酞	-	蕜		3/4	0.9227634150173348
4/4	4/4	3/3	4/4	3/4
1.0	1.0	1.0	1.0	0.9942271009636375
