p	ts	t酞|t	蕡蕚	t虪蕛	k	6/6	1.0
尾				冒	桑	3/6	0.716049118600593
b	ndz	n酞d酞|nd	沙蓶蕫	n虪d虪蕭	艐伞	6/6	1.0
			蕚	s酞|s		2/6	0.28218591721536707
3/4	2/4	2/4	3/4	4/4	3/4
0.8505385399226555	0.37252861892819905	0.9200091462218944	0.8843664204213286	1.0	0.8741872554799034
