p	t	ts	k	k妢	5/5	1.0
		z			1/5	0.4103040391419254
1/2	1/2	2/2	1/2	1/2
0.8193116721644668	0.9640889856444032	1.0	0.8774850163606285	0.8864603338626111
