metric,Estimate,SE
elpd_loo,-1941.782414997573,31.364291085111304
p_loo,354.2516237932847,12.430950655530648
looic,3883.564829995146,62.72858217022261
