metric,Estimate,SE
elpd_loo,-1940.9470957610556,31.358856834807657
p_loo,354.23474320407337,12.41615100010187
looic,3881.894191522111,62.717713669615314
