b	d	dz	b什	d什	伞	6/6	1.0
	-	s拾	-	s什拾	x拾	3/4	0.9595721139148004
		z			桑	2/6	0.6344866126564936
p	t	ts	p什	t什	k	6/6	1.0
		s		s什	x	3/6	0.745401656974524
p拾	t拾	ts拾	p什拾	t什拾	k拾	6/6	1.0
3/6	3/5	6/6	3/5	5/6	6/6
0.7752650415826785	0.9280088745403915	1.0	0.6508688205846297	0.9101207883037419	1.0
