b	d퍍	dz	톘	토	5/5	1.0
b퍇	d퍍퍇	d퍇z퍇	톘퍇	토퍇	5/5	1.0
		s			1/5	0.5375866368233712
p	t퍍	ts	툳	k	5/5	1.0
p퉗	t퍍퉗	ts퉗	툳퉗	k퉗	5/5	1.0
4/5	4/5	5/5	4/5	4/5
0.8419662670981969	0.8153827108274095	1.0	0.9801431128847967	0.8701631738797381
