p	t	kp	c	k	5/5	1.0
b	d	伞b	蔁	伞	5/5	1.0
mb	nd	艐m伞b	刹蔁	艐伞	5/5	1.0
蓳		-			1/4	0.40662334864933586
4/4	3/4	3/3	3/4	3/4
1.0	0.9730490799031697	1.0	0.9473754715370958	0.9942271009636375
