b	d酞|d	d酞z酞|dz	d虪蕭	b什	d酞什|d什	d酞z酞什|dz什	伞	伞什	9/9	1.0
f		s酞|s	蕛	f什		s酞什|s什			5/9	0.747840719553178
p	t酞|t	t酞s酞|ts	t虪蕛	p什	t酞什|t什	t酞s酞什|ts什	k	k什	9/9	1.0
3/3	2/3	3/3	3/3	3/3	2/3	3/3	2/3	2/3
1.0	0.9505589966492557	1.0	1.0	1.0	0.9330898233071512	1.0	0.8686670143906876	0.9294869675612162
