ts	t虪蕛	2/2	1.0
ts始		1/2	0.5532861161723855
2/2	1/2
1.0	0.8355953239763696
