metric,Estimate,SE
elpd_loo,-1016.9031780950974,35.28082564983509
p_loo,720.1975861990924,21.032569233742755
looic,2033.8063561901947,70.56165129967017
