p贪	-	t贪	ts贪	t虪蕛贪	k贪史	q贪	q贪史	7/7	1.0
						蕰	蕰史	2/8	0.2236740917477229
	-				-	蕰贪	蕰贪史	2/6	0.24219646239588594
	涩		s	蕛	x史	蠂	蠂史	6/8	0.7697089638815309
p		t	ts	t虪蕛	k史	q	q史	7/8	0.993663623633138
2/5	1/3	2/5	3/5	3/5	3/4	5/5	5/5
0.6838070423350368	0.6775610777799795	0.9135117214521179	0.8467855802015918	0.8966730523254333	0.9670296449536818	1.0	1.0
