ts	t虪蕛	2/2	1.0
	t虪蕛始	1/2	0.44671388382761446
1/2	2/2
0.7814082896751873	1.0
