p	t	ts	tŐ† É	k	5/5	1.0
b	d	dz	dŐ† í	…°	5/5	1.0
				…° Ī	1/5	0.34091164379824074
v		z	 í		3/5	0.679217665409823
mb	nd			Ňč…°	3/5	0.8766321915796692
f		s	 É		3/5	0.6996525911823187
5/6	3/6	4/6	4/6	4/6
0.9947928668103789	0.8828782314735112	0.9865476039486412	0.9864450030081029	0.8017228350883591
