p	t퍍	t퍍s퍍|ts	k	4/4	1.0
v		z퍍		2/4	0.6921112148810284
p퉗	t퍍퉗	t퍍s퍍퉗|ts퉗	k퉗	4/4	1.0
f		s퍍|s	x	3/4	0.9255737229294044
4/4	2/4	4/4	3/4
1.0	0.9286121917004796	1.0	0.9476294420939834
