p	t	ts	tŐ† É	 ą	c	k	7/7	1.0
b	d	dz	dŐ† í	…Ė	…ü	…°	7/7	1.0
		z	 í				2/7	0.40372324098520385
p į	t į	ts į	tŐ† É į	 ą į	c į	k į	7/7	1.0
mb	nd	ndz	nŐ†dŐ† í	…≥…Ė		Ňč…°	6/7	0.9486633520565156
		s	 É				2/7	0.5164829920315901
4/6	4/6	6/6	6/6	4/6	3/6	4/6
0.7730141621468115	0.889186568929323	1.0	1.0	0.948690318668266	0.8133171881490072	0.817366515820975
