b ľ	d ľ//t ľ	dz ľ//ts ľ	dŐ† í ľ//tŐ† É ľ		-	-	k ľ//…° ľ	5/6	0.9990796052507768
b	d			dň†	dzň†	dŐ† íň†	…°	6/8	0.8786134253293397
		dzŐ§	dŐ† íŐ§	-	-	-	…°Ő§	3/5	0.560835540718413
		z	 í					2/8	0.4048251874905424
p	t	ts	tŐ† É	tň†	tsň†	tŐ† Éň†	k	8/8	1.0
		s	 É				x	3/8	0.7154423025702681
p į	t į	ts į	tŐ† É į				k į	5/8	0.991183813903005
4/7	4/7	6/7	6/7	2/6	2/5	2/5	6/7
0.769376439522929	0.9314432587789666	0.942897389715214	0.8554535943170376	0.39009566907738774	0.376842776746031	0.8228662816818093	0.9455787715889703
