metric,Estimate,SE
elpd_loo,-515.7930601430869,129.2957836009147
p_loo,220.54085643882019,7.345562106092225
looic,1031.5861202861738,258.5915672018294
