metric,Estimate,SE
elpd_loo,-514.9791084012497,129.3033938726366
p_loo,220.8536388744697,7.312194455455014
looic,1029.9582168024995,258.6067877452732
