p	t	kp	k	4/4	1.0
b	d	토b	토	4/4	1.0
mb	nd	콂m토b	콂토	4/4	1.0
톕	톙	-		2/3	0.8108077539606614
v	z	-		2/3	0.82936609860936
f	s	-		2/3	0.8727211838529629
6/6	6/6	3/3	3/6
1.0	1.0	1.0	0.8066353952845224
