b	d	dz	蓶	蔁	伞	d蕬	7/7	1.0
		z				蕬	2/7	0.4210460439354861
p	t	ts	蕡	c	k	t蓵	7/7	1.0
		s				蓵	2/7	0.5315370127208552
p拾	t拾	ts拾	蕡拾	c拾	k拾	t蓵拾	7/7	1.0
3/5	3/5	5/5	3/5	3/5	3/5	5/5
0.7751802075349559	0.890458081361146	1.0	0.9496237466911986	0.9173070650977282	0.8191459656681378	1.0
