p	t	ts	t虪蕛	蕡蕚	k	6/6	1.0
		s	蕛	蕚		3/6	0.5160654849487412
1/2	1/2	2/2	2/2	2/2	1/2
0.6996354507459577	0.8562298606560238	1.0	1.0	1.0	0.752767524145593
