metric,Estimate,SE
elpd_loo,-1184.348458720117,38.08782251380435
p_loo,686.8322368880339,24.00845900481029
looic,2368.696917440234,76.1756450276087
