b	d酞	dz	d什	伞	伞史	6/6	1.0
		z	蕭			2/6	0.48857426644437085
p	t酞	ts	t什	k	k史	6/6	1.0
f		s	蕛			3/6	0.760496432715581
3/4	2/4	4/4	4/4	2/4	2/4
0.9241790684885567	0.8337086869543983	1.0	1.0	0.83448482417413	0.7357500089271788
