metric,Estimate,SE
elpd_loo,-1567.9226505746476,33.78781212687137
p_loo,539.080178671218,17.389586325640902
looic,3135.845301149295,67.57562425374275
