p	t퍍|t	kp	k	4/4	1.0
b	d퍍|d	토b	토	4/4	1.0
mb	n퍍d퍍|nd	콂m토b	콂토	4/4	1.0
톕	톙퍍|톙	-		2/3	0.6931675722443624
4/4	4/4	3/3	3/4
1.0	1.0	1.0	0.9879946527695005
