metric,Estimate,SE
elpd_loo,-1569.1954308523686,33.74251244106744
p_loo,538.3771546615866,17.363827172936592
looic,3138.3908617047373,67.48502488213488
