b	d酞	d酞z酞|dz	蔁	伞	5/5	1.0
f		s酞|s			2/5	0.7357860819025064
p	t酞	t酞s酞|ts	c	k	5/5	1.0
p拾	t酞拾	t酞s酞拾|ts拾	c拾	k拾	5/5	1.0
4/4	3/4	4/4	3/4	3/4
1.0	0.9500002136324452	1.0	0.8804773195954637	0.867369699552435
