p	t	ts	 ą ā	k	t…ē	6/6	1.0
b	d	dz	…Ė ź	…°	d Ď	6/6	1.0
	-	s į		x į	…ē į	3/5	0.9406927502991794
		z		…£	 Ď	3/6	0.6038032712957624
p į	t į	ts į	 ą ā į	k į	t…ē į	6/6	1.0
mb	nd	ndz	…≥…Ė ź	Ňč…°	nd Ď	6/6	1.0
		s	 ā	x	…ē	4/6	0.7131726385877151
4/7	4/6	7/7	5/7	7/7	7/7
0.773099574294249	0.9013775532553205	1.0	0.8836907952512025	1.0	1.0
