b	d퍍|d	d퍍z퍍|dz	토	4/4	1.0
f		s퍍|s		2/4	0.7805754038393798
p퉗	t퍍퉗|t퉗	t퍍s퍍퉗|ts퉗	k퉗	4/4	1.0
3/3	2/3	3/3	2/3
1.0	0.8430671056514618	1.0	0.7267449820987204
