metric,Estimate,SE
elpd_loo,-1670.483448157783,39.4497346277633
p_loo,551.3708860897376,22.37121908338264
looic,3340.966896315566,78.8994692555266
