p	t	ts	tŐ† É	 ą	k	q	7/7	1.0
		s	 É		x	Ōá	4/7	0.7140099851063166
p ľ	t ľ	ts ľ	tŐ† É ľ	 ą ľ	k ľ	q ľ	7/7	1.0
p į	t į	ts į	tŐ† É į	 ą į	k į	q į	7/7	1.0
3/4	3/4	4/4	4/4	3/4	4/4	4/4
0.8403870396331203	0.9155745606850895	1.0	1.0	0.980133703664861	1.0	1.0
