b	d酞僧酞|d僧	d酞|d	d酞z酞|dz	d虪蕭	伞	伞史	散	散史	9/9	1.0
	涩酞|涩		s酞|s		x	x史	蠂	蠂史	6/9	0.6101625013944769
	涩酞始|涩始		s酞始|s始		x始	x史始	蠂始	蠂史始	6/9	0.6857620409186923
p	t酞涩酞|t涩	t酞|t	t酞s酞|ts	t虪蕛	k	k史	q	q史	9/9	1.0
p始	t酞涩酞始|t涩始	t酞始|t始	t酞s酞始|ts始	t虪蕛始	k始	k史始	q始	q史始	9/9	1.0
3/5	5/5	3/5	5/5	3/5	5/5	5/5	5/5	5/5
0.7748624428953023	1.0	0.9767783858840752	1.0	0.63444323414445	1.0	1.0	1.0	1.0
