metric,Estimate,SE
elpd_loo,-1941.2016986843457,30.541364729434488
p_loo,326.37893389554716,11.510992202743282
looic,3882.4033973686915,61.082729458868975
