metric,Estimate,SE
elpd_loo,-1941.7636712259625,30.519299193856718
p_loo,326.0103186022902,11.487376235231212
looic,3883.527342451925,61.038598387713435
