dz	dŐ† í	2/2	1.0
	xk	1/2	0.7021101323953011
ts į	tŐ† É į	2/2	1.0
ts ľ	tŐ† É ľ	2/2	1.0
3/4	4/4
0.5516032287209263	1.0
