p	p史	t酞	ts	t虪蕛	蕡	k	k史	8/8	1.0
			s	蕛	蕚			3/8	0.5187539103715869
p拾	p史拾	t酞拾	ts拾	t虪蕛拾	蕡拾	k拾	k史拾	8/8	1.0
2/3	2/3	2/3	3/3	3/3	3/3	2/3	2/3
0.8427832748545535	0.7291378595984647	0.8153827108274095	1.0	1.0	1.0	0.8701809348520083	0.774274815748142
