p	t酞	t虪蕛	ts	k	k史	6/6	1.0
			蕫			1/6	0.27227765148043
1/2	1/2	1/2	2/2	1/2	1/2
0.8193116721644668	0.9036753688249194	0.7945152298061379	1.0	0.8774850163606285	0.8864603338626111
