metric,Estimate,SE
elpd_loo,-1890.1419755256463,82.70121505834405
p_loo,426.7253099869045,34.50724182908693
looic,3780.2839510512927,165.4024301166881
