metric,Estimate,SE
elpd_loo,-1889.3023330144185,82.66963514405442
p_loo,426.8089166340712,34.45978815495429
looic,3778.604666028837,165.33927028810885
