b	d	dz	dŐ† í	…Ė ź	…°	…Ę	d Ď	8/8	1.0
		z	 í		…£	 Ā	 Ď	5/8	0.6037393277969478
p	t	ts	tŐ† É	 ą ā	k	q	t…ē	8/8	1.0
		s	 É		x		…ē	4/8	0.5938187305594717
p į	t į	ts į	tŐ† É į	 ą ā į	k į	q į	t…ē į	8/8	1.0
3/5	3/5	5/5	5/5	3/5	5/5	4/5	5/5
0.7751967501808351	0.9025973360187686	1.0	1.0	0.4819719283084465	1.0	0.7434664838587544	1.0
