p	t	ts	k	k妢	5/5	1.0
		s			1/5	0.5278521239150965
1/2	1/2	2/2	1/2	1/2
0.7012860405677015	0.8979572119982655	1.0	0.7524606332852585	0.6200057528246669
