metric,Estimate,SE
elpd_loo,-1941.0304574022387,30.383932206951766
p_loo,318.3508024687862,11.29497831902213
looic,3882.0609148044773,60.76786441390353
