metric,Estimate,SE
elpd_loo,-1940.4776515998565,30.259233849432647
p_loo,317.0779132637785,11.190643439198219
looic,3880.955303199713,60.518467698865294
