b	d	dz	蓶蕫	蔁	伞	d蕬	7/7	1.0
		z				蕬	2/7	0.3792447888009785
p	t	ts	蕡蕚	c	k	t蓵	7/7	1.0
		s	蕚			蓵	3/7	0.5341781013337098
p拾	t拾	ts拾	蕡蕚拾	c拾	k拾	t蓵拾	7/7	1.0
3/5	3/5	5/5	4/5	3/5	3/5	5/5
0.7751802075349559	0.9025973360187686	1.0	0.8887453915081784	0.9173070650977282	0.8191459656681378	1.0
