b	d	dz	d虪蕭	伞	5/5	1.0
蓳	蓷	-	-		2/3	0.8036323216451039
筛拾	-				1/4	0.0409233670931117
		z	蕭		2/5	0.4058084863584372
		s	蕛		2/5	0.5154034675690247
	t拾	ts拾	t虪蕛拾	k拾	4/5	0.7894515001325615
p始	t始	ts始	t虪蕛始	k始	5/5	1.0
4/7	4/6	5/6	5/6	3/7
0.5100218128207269	0.8132511395204726	0.9928813611645816	0.9998483850397002	0.6840931694236876
