metric,Estimate,SE
elpd_loo,-1881.3876036587835,83.08017489718578
p_loo,444.3878546978774,35.52402636324891
looic,3762.775207317567,166.16034979437157
