metric,Estimate,SE
elpd_loo,-1890.1501515413722,83.21338815574943
p_loo,449.01739795688746,36.089452013748684
looic,3780.3003030827444,166.42677631149886
