variable,mean,median,sd,mad,q5,q95,rhat,ess_bulk,ess_tail
mu,3.0415156619,3.0819493,0.7924846857612703,0.8156752961699996,1.596273445,4.264083005,1.0139424581628707,67.98972890336968,158.1945109876695
sigma,0.21581935363,0.215972025,0.004360593315472169,0.004611234410999984,0.208615557,0.22287891099999999,1.0105094182855023,60.813967511495946,179.92778414371375
t_half,126.91020219675,123.58131,25.92870811544546,23.436725823000003,92.72376765,176.460883,1.049604378416563,50.61871424702467,99.76756910188571
tau,0.05010966035675,0.049239299,0.009098034721672848,0.010090909184999998,0.03639408114999999,0.06465388949999999,1.1574214767481619,17.552186977021154,23.95878836530421
