variable,mean,median,sd,mad,q5,q95,rhat,ess_bulk,ess_tail
mu,3.543410277575,3.5656752999999997,0.45876529340161964,0.4653729433499999,2.703806075,4.2265215199999995,1.0053131962391169,108.41412785860197,176.77817004914272
sigma,0.0951246020645,0.095062696,0.0020036108315055526,0.001971288681599998,0.09190264420000001,0.0985074781,1.0803382216530606,24.919161636752527,242.55068270286873
t_half,119.701288978,116.90718000000001,26.518342891096548,22.146900887999998,83.05259635,166.591803,1.0212014951860346,65.34670129524905,78.29522225961557
tau,0.02663262152075,0.026850488,0.00439066703700788,0.0044442291579,0.019278153200000002,0.033598207599999985,1.1685529673395907,8.490186533827774,69.06155277793637
