variable,mean,median,sd,mad,q5,q95,rhat,ess_bulk,ess_tail
mu,3.34989699831,3.3830855,0.6757764939788888,0.6637695086399998,2.17186877,4.367759149999999,1.0060943031860217,342.9786198827603,704.0393131838978
sigma,0.2998083664325,0.299927375,0.00628711246956779,0.006050001342000012,0.28929965950000003,0.3100810745,1.0022508775048327,138.03649753006488,456.9041677576353
t_half,71.53002413425,69.66682850000001,12.6336091004198,11.846341684800011,54.15448610000001,94.83404019999999,1.001576509452773,189.2745838446244,514.3505085853569
tau,0.08219695358475,0.0817720945,0.014167692217300692,0.013992591251099997,0.0594046506,0.10731167099999997,1.031633675115492,27.418715909077626,43.33081391633227
