variable,mean,median,sd,mad,q5,q95,rhat,ess_bulk,ess_tail
mu,3.757368560575,3.7989236,0.7825460664358178,0.7876239111299997,2.3839628100000003,4.973150345,1.0016219285069128,126.10251222121353,335.53358750312134
sigma,0.283901128235,0.28391183,0.005801244080677841,0.00569493346800004,0.274468818,0.2935545605,1.0251704704923317,91.25879978098176,295.9563627051144
t_half,83.834323969,81.42662250000001,17.732608789411913,15.452414808599988,59.94442225,117.04964299999995,1.00928371638246,86.67193753437115,171.94875398528083
tau,0.07838845719225,0.078774623,0.011294586763422437,0.012612581240699998,0.0591614954,0.09620548184999998,1.0752632123320052,17.96595204162487,26.484990007586756
