variable,mean,median,sd,mad,q5,q95,rhat,ess_bulk,ess_tail
mu,3.4815711197275,3.5379325,0.761578142950292,0.7255256549099998,2.0996496300000005,4.674981969999999,1.0070892735261365,367.64702639604315,634.093484428856
sigma,0.2577359098425,0.257752215,0.00557730911115419,0.005430823104000009,0.2485021415,0.266923517,1.037451017903751,77.04326053062691,307.54743425398254
t_half,92.7996255375,90.6544265,19.12972323966697,17.071382132700005,65.74615825000001,129.846171,1.0161610337784917,171.97987701027012,277.836511064755
tau,0.07075611025375,0.070035679,0.014081018024186298,0.014194705954799998,0.0471128194,0.09408525214999998,1.2233714306979195,9.734018368772533,37.86076259794916
