variable,mean,median,sd,mad,q5,q95,rhat,ess_bulk,ess_tail
mu,4.0964421042,4.1478873,0.5740942135161007,0.5478886772099999,3.0694628149999996,4.940740665,1.0061680712621148,233.01046176933866,293.31131201811957
sigma,0.1705342069325,0.170435315,0.0033078700392007807,0.003299541126,0.1653689535,0.17624368399999998,1.0106164013984413,249.22809859611263,612.6373195762309
t_half,79.51317575825,77.63976,15.94757684081986,15.925892755499996,57.2848998,108.27948500000001,1.007198408966729,137.70068760992743,363.4772201981687
tau,0.038913746236,0.0389782315,0.006360098679264805,0.006430226714099998,0.02891547745,0.049567578749999994,1.1523806697699923,12.960114380318414,30.452644176467928
