variable,mean,median,sd,mad,q5,q95,rhat,ess_bulk,ess_tail
mu,2.9854074964,2.99586505,0.3437394065786577,0.3200187652199999,2.4221813900000004,3.5227403949999996,1.0029316005380395,372.7815544238728,814.3759101444502
sigma,0.176291128645,0.17627414,0.004297825100130866,0.004162125218999986,0.169211842,0.1833569585,1.003344453071142,78.08668048183975,207.87937934731832
t_half,57.96881692925,56.7661275,9.9423826676265,9.3063217128,43.82144665,75.91884585,1.0078291702025142,258.98357666830617,349.34031070826694
tau,0.05686691771975,0.056191829,0.010114671262914644,0.0091028096586,0.04076426215,0.07553620135,1.03621495165112,29.551460880602338,56.10237800629521
