variable,mean,median,sd,mad,q5,q95,rhat,ess_bulk,ess_tail
mu,3.56631059838,3.6123646999999997,0.7255546617332447,0.6947804597999997,2.28198091,4.665324715,1.0252836462379538,174.4879002332913,554.6833815247146
sigma,0.3015687631525,0.301576905,0.0059611470660286305,0.00590449156499998,0.29178252749999994,0.3113003285,1.0240736636641916,172.58684997813228,489.22621264848874
t_half,73.1138671655,70.850263,14.462573564225504,14.153197602599999,53.948993200000004,100.27218199999999,1.0294084511557673,169.6133931218172,352.8030461453488
tau,0.070506232712,0.0691218365,0.01234087030550513,0.01309570720709999,0.0518909604,0.09223350204999999,1.0858871880008836,32.13339870837086,57.97832407178635
