variable,mean,median,sd,mad,q5,q95,rhat,ess_bulk,ess_tail
mu,3.5736696838075,3.60171085,0.5453381078826918,0.5322757131300003,2.6397675950000004,4.399471769999999,1.016361734307267,262.0678467789387,563.9572965609592
sigma,0.2360328747675,0.23608681999999998,0.00485681864717592,0.004870896974999969,0.227967647,0.2440103095,1.0157977815532893,150.5967254742763,552.4906405015062
t_half,70.25226410675,68.60529149999999,13.4555734637669,12.123132726599998,51.997521199999994,94.24242335000001,1.016104617198493,169.46803959058062,404.52516771472165
tau,0.06041078172225,0.060244724,0.010970352613825013,0.011665061217599998,0.0424626862,0.078879052,1.0977262258664466,16.175678654502455,104.36945295746037
