variable,mean,median,sd,mad,q5,q95,rhat,ess_bulk,ess_tail
mu,4.040608406325,4.0413553,0.04099178642326326,0.040969056449999416,3.9716988499999997,4.10587019,1.0004920846746101,1281.1183487927751,1969.5062031973641
sigma,0.8337763134075,0.83469055,0.030196181921547452,0.029146448225999964,0.782440163,0.8823421169999999,1.1163414323432026,11.546852565906562,84.86259068436037
t_half,1.901313871675,1.8905020000000001,0.15488038473865348,0.14981739717,1.666272215,2.1831559699999996,1.05067078225359,32.625562255787,419.41871029635263
tau,0.12545440163775,0.11976796,0.047770238820808546,0.041393083015200005,0.0539877481,0.21529016499999998,1.4954920604481534,3.914643386804365,20.373112613383334
