variable,mean,median,sd,mad,q5,q95,rhat,ess_bulk,ess_tail
mu,4.025290281125,4.0261525,0.05380465630209743,0.05444959695000033,3.936812815,4.11263124,1.0018906633499998,1563.4829118987427,2323.2183994277716
sigma,1.562360843125,1.5646205499999999,0.07408647505844683,0.07337402226000013,1.43559065,1.68041639,1.1529169828075558,9.343827234064435,60.0362417919651
t_half,1.28496057208,1.2788314,0.11217837970446037,0.11094154952999975,1.1096350700000002,1.483695995,1.0418602289470107,46.42342130491897,553.5445260943279
tau,0.3316586895775,0.325261755,0.09090537401311509,0.09249802035600004,0.19353132750000002,0.496807155,1.6213367891974109,3.3919732284857695,27.75919345932936
