variable,mean,median,sd,mad,q5,q95,rhat,ess_bulk,ess_tail
mu,4.104322738125,4.10502535,0.0702083503150423,0.06959331812999985,3.990785235,4.219663765000001,1.0005147735650552,2451.4044253572724,2955.4484800046466
sigma,2.5080715118125,2.49401925,0.556243239294946,0.5944390554900001,1.585414385,3.3957726149999994,1.2287033623428458,6.556508360999513,22.702509250896377
t_half,0.87308724998,0.835252135,0.21825064268667344,0.18773007371999995,0.6032984975000001,1.2733933849999999,1.1536373710360346,9.130899113099854,88.68309552505389
tau,1.542218440935,1.5696653500000002,0.30138131010778646,0.32132308257000014,1.006442785,2.0018274349999996,1.2415945162859836,6.33275018577583,13.923862619121847
