variable,mean,median,sd,mad,q5,q95,rhat,ess_bulk,ess_tail
mu,3.329143866525,3.3305353,0.2956089720226006,0.28598316179999994,2.8411740450000003,3.80075001,1.0060171512248017,405.0626193884736,940.9881990357823
sigma,0.1749757878975,0.17504092999999998,0.0036434394344612344,0.003500811488999981,0.1689576785,0.18107101849999999,1.0077981238067442,131.78061628416532,724.0964055819109
t_half,54.38798150425,53.182256499999994,9.45784767414185,9.046344096299988,41.2342174,71.69743435,1.0060820116972509,215.9556942766928,454.85790503528773
tau,0.048883106236,0.0480069645,0.007853982735989438,0.008498882926799999,0.037018174099999995,0.06292945905,1.049459313282967,26.048421027901412,56.21438490873964
