variable,mean,median,sd,mad,q5,q95,rhat,ess_bulk,ess_tail
mu,3.98402547225,3.9829559,0.06813059505349245,0.06722345615999997,3.875612415,4.096680045,1.003321460667659,742.729374072465,1486.9114351094406
sigma,1.2172758688,1.21841325,0.04503840181627722,0.04367057604000003,1.140262015,1.289642835,1.0862078859906135,19.679485385352177,204.75309282404925
t_half,2.110544210625,2.0970006999999997,0.17727571833621236,0.16996882223999954,1.8474222550000001,2.4268857500000003,1.0217785274455968,118.59283148520421,714.157842763041
tau,0.219946075324,0.21768600999999999,0.07732721015981853,0.08848536345600003,0.104304916,0.34460600399999997,1.3408991790089664,5.179077065051861,25.746180742729788
