variable,mean,median,sd,mad,q5,q95,rhat,ess_bulk,ess_tail
mu,3.83608772895,3.84751105,0.16795881781753666,0.14980612941000002,3.537930815,4.0887185200000005,1.006799659465644,234.0912543152667,265.52743866686103
sigma,0.06703953472,0.0670571725,0.0013494414751758145,0.0013414965101999953,0.06480205824999999,0.06926139845,1.021040143098266,162.74560212683076,411.5165278879882
t_half,62.533664935,60.855859,12.002876240042413,11.015589013799993,46.0271987,84.47845470000001,1.0112992289271578,212.07273858891972,353.20531300040267
tau,0.0191752200945,0.018856696,0.003036330829644297,0.0028851247739999997,0.014788113399999999,0.02455629345,1.0434975666639188,31.60315560769729,106.36641610748946
