variable,mean,median,sd,mad,q5,q95,rhat,ess_bulk,ess_tail
mu,3.94160537885,3.9416616500000003,0.060048065569654634,0.05801406386999995,3.842046815,4.03899685,1.000712364069455,685.9844630663645,1004.0900973471444
sigma,0.1432287845775,0.14325422999999998,0.0034698850745092623,0.003371284139999993,0.137440947,0.14888048599999998,1.0064590401943936,118.54863602552136,378.1524376904438
t_half,17.19284755,17.004921500000002,2.331053123219629,2.240549597999999,13.785479,21.32484965,1.0064373966051325,541.6555588001889,1376.19148873065
tau,0.04460146765925,0.044261208999999996,0.006470497655635249,0.006270773084100001,0.03527747765,0.056244279499999994,1.0195529408483714,35.91970598568847,59.893380413349114
