variable,mean,median,sd,mad,q5,q95,rhat,ess_bulk,ess_tail
mu,3.99797123955,3.9972465,0.09559763498894937,0.09046706591999974,3.84003952,4.155005305,1.00163091040318,743.5492549249392,1515.7977404888582
sigma,0.107485449598,0.107445775,0.002239081130829296,0.0021988885379999883,0.10381504550000001,0.111144031,1.026123698494362,91.9426473150105,574.3614393151104
t_half,32.688039352,32.169300500000006,4.932996756685279,4.7190431525999985,25.684665349999996,41.80513454999999,1.0002241175612707,775.8213458923354,1644.0330393072725
tau,0.02728746407225,0.026827406499999998,0.004176238641308081,0.0042267532356,0.0211834932,0.0345672621,1.1910336982202032,8.392645998370249,38.509378001756346
