variable,mean,median,sd,mad,q5,q95,rhat,ess_bulk,ess_tail
mu,3.9891789539,3.988601,0.037606896972809264,0.03433256820000047,3.9268280549999997,4.052034195,1.0073781014929042,1388.6414987220903,2100.157776893434
sigma,2.03059527931,2.12152065,0.42206654705896096,0.33869055549,1.1218397,2.5188008299999995,1.1419970810147904,10.763057111619961,17.404269619059324
t_half,0.622234167955,0.56724774,0.2248016099718771,0.10228660516199999,0.449880814,0.9880039899999988,1.083656626461,17.928154297606454,32.5188462870466
tau,0.666738509845,0.623521255,0.24687154309751244,0.21024385139100002,0.2532899855,1.151680085,1.2149959974134137,7.388317410619809,11.81145124288851
