variable,mean,median,sd,mad,q5,q95,rhat,ess_bulk,ess_tail
mu,4.00517138365,4.0053699,0.01426965723362299,0.014513764439999757,3.9815132749999997,4.028176279999999,1.0004820126592329,2030.2179757212186,2398.3621340412124
sigma,0.63825515913,0.6486669300000001,0.08821347649432079,0.086337661683,0.4745883815,0.7684155965,1.2179425509475983,7.434425986902756,28.325083669440545
t_half,0.71399518708,0.69078761,0.12699807840909258,0.109527201021,0.5526858745,0.9563447664999999,1.1095731735896233,16.33369908664363,157.6254196880741
tau,0.2272658088295,0.22439043,0.060021480714823244,0.06271418756399998,0.1304468805,0.326883501,1.3201326632634602,5.2037006508363035,12.067820950801162
