variable,mean,median,sd,mad,q5,q95,rhat,ess_bulk,ess_tail
mu,3.9652446338,3.96565335,0.06339715316588705,0.06151789244999972,3.8592520550000002,4.069723095,1.0004405270531287,868.9761395657241,1449.0699651459634
sigma,0.1261825281675,0.12612163999999998,0.0029058193546340947,0.0028439381460000257,0.121447716,0.130963949,1.0604725256324845,24.24575239236798,305.85822695609824
t_half,20.8708585545,20.561805999999997,2.7141195230652992,2.565949163399996,16.962311550000003,25.831405699999998,1.0116806302836145,696.4721448269778,1187.2555823842133
tau,0.038803214204,0.0390389855,0.00599003120339232,0.005611929365700002,0.0285593631,0.048179249400000006,1.185245901277225,9.108827892343584,33.331363861249166
