variable,mean,median,sd,mad,q5,q95,rhat,ess_bulk,ess_tail
mu,3.9977545405,3.99800725,0.021749045207056315,0.021467899739999984,3.961786985,4.034427215,1.0007487986017878,2708.021080908009,3046.6567108912445
sigma,0.3861559962925,0.386472435,0.0162016244040497,0.016660539587999987,0.35882896599999997,0.4123312555,1.0586810049963573,30.999390010960045,191.57237780341492
t_half,2.10940147745,2.09749615,0.1806643623029159,0.17960698245000004,1.8336197450000002,2.4254731000000005,1.0163648705572597,144.59542606223022,902.652106598132
tau,0.114691103098,0.113668775,0.022107408294909325,0.02305223945849999,0.0795225038,0.151495736,1.1421960386152172,13.034941806848307,39.30042213861015
