variable,mean,median,sd,mad,q5,q95,rhat,ess_bulk,ess_tail
mu,4.01771903525,4.01860425,0.03550128382792016,0.036644979420000216,3.9588028700000004,4.0747225,1.0007088639921395,1781.9817882450027,2356.247183676139
sigma,1.0150531473175,1.01730975,0.06423597368135468,0.06249937365000013,0.9032661385,1.1138373250000002,1.1159272310205315,12.06846266876589,43.423964426592065
t_half,1.3296841543725,1.3160159500000002,0.13752524906908237,0.12796483686000013,1.130537285,1.57494537,1.044483979086622,40.92054297119173,279.1840729982427
tau,0.320067393305,0.319776165,0.06846168841153334,0.064622049135,0.200055863,0.436491663,1.2189727613141783,6.688573589876059,21.278490202385218
