variable,mean,median,sd,mad,q5,q95,rhat,ess_bulk,ess_tail
mu,3.991696856975,3.9918252499999998,0.0376779541324497,0.03696685188000017,3.9296047250000004,4.05267383,1.0011583323273492,842.0229324721912,1333.3343634195517
sigma,0.25778842497,0.257893315,0.00725296966371689,0.007366283273999988,0.2455669225,0.2696002145,1.0198912356835401,66.95843695500503,282.24620075265955
t_half,5.459869900275,5.415445,0.5372228348065604,0.5094385581599999,4.656141355,6.431144129999998,1.0010274611342491,432.6736757261322,1273.1869085333433
tau,0.063388554856,0.0614860925,0.012586479721209463,0.011372330001900001,0.0448263769,0.08597953979999999,1.1192131320849645,15.307058412470207,48.76914835213368
