variable,mean,median,sd,mad,q5,q95,rhat,ess_bulk,ess_tail
mu,4.00852956475,4.0086991,0.01711147623209239,0.01756762391999984,3.980683405,4.036241605000001,1.0001744317539374,2276.0792218933493,2762.7434016450893
sigma,0.5063311816525,0.5070246549999999,0.023721577256836473,0.02395751872499987,0.46660554649999997,0.544336813,1.033476002324998,38.08166364204202,94.69591263249372
t_half,1.28641691618,1.2805794499999998,0.11064228190525291,0.10780614704999997,1.1137512099999998,1.475433775,1.0108250920161896,129.07928845512856,521.0568059816168
tau,0.107693404498,0.10777265,0.0297793120689723,0.0321714815142,0.06229483965,0.15918725999999997,1.097220626512654,15.078905332485032,32.55720188201924
