variable,mean,median,sd,mad,q5,q95,rhat,ess_bulk,ess_tail
mu,3.97626947395,3.97595155,0.04783607004938986,0.04676809808999976,3.89745143,4.055077044999999,1.0007806184153873,776.982360789194,1120.9559191910134
sigma,0.1785226504175,0.17859165999999999,0.004673283751114361,0.004782007691999989,0.17094328749999999,0.1860701495,1.1351292363505343,10.069072799987593,151.47990327562573
t_half,11.2048718144,11.0916645,1.3595331817067409,1.3063692684000003,9.2274345,13.605142599999997,1.0165354514758345,515.8204536631298,1057.0137996409128
tau,0.0452181212885,0.045008141,0.01026663399028332,0.0124531987755,0.0287044391,0.06124142929999999,1.4514779085794205,4.160721277228365,22.88660246190707
