variable,mean,median,sd,mad,q5,q95,rhat,ess_bulk,ess_tail
mu,4.012143161775,4.01085715,0.1213121129491709,0.12292199534999967,3.81312573,4.21019992,1.0090548868628284,762.2208297450618,1359.3183195791416
sigma,0.733404534845,0.732852725,0.02202562582641965,0.02196726165899997,0.6978413385,0.7695406445,1.0350361590636423,65.41614297965896,321.15503424648085
t_half,6.47084934485,6.40760475,0.7084549459930384,0.6887813412900001,5.42196128,7.740568374999999,1.0162655530208935,206.24841319094784,1250.7582207433152
tau,0.2053772079425,0.20675666999999998,0.038212169726663074,0.03933686952300005,0.14143356799999998,0.26506998949999994,1.1040779621649797,25.27573530582589,19.542049790649944
