variable,mean,median,sd,mad,q5,q95,rhat,ess_bulk,ess_tail
mu,3.8706846101,3.87143615,0.12270102959449392,0.11211836327999981,3.66396007,4.069496239999999,1.0029524644541,706.9374134958348,1640.2732816247437
sigma,0.07854174171675,0.0785588955,0.00181760130798646,0.0018056800377000003,0.07544405325,0.0815437398,1.0057848539709664,119.44307086666032,327.32451971626995
t_half,48.3610315565,47.288872999999995,8.443591300008151,7.911049817999996,36.60411405,63.877249649999996,1.0003627733089782,440.5016232044623,966.3668279923958
tau,0.0276064306955,0.027392476,0.003696983392954978,0.0036777271817999995,0.02192871635,0.034091141699999994,1.0149261690189004,39.47337300124916,58.209005812932205
