variable,mean,median,sd,mad,q5,q95,rhat,ess_bulk,ess_tail
mu,3.686967838575,3.6883337999999997,0.15783461375348445,0.1532912772299994,3.4292457349999994,3.949866235,1.0022175679522165,708.5904946051222,1379.1490388481225
sigma,0.3840944979775,0.384258585,0.009265108937531838,0.009089042235000035,0.36894555650000005,0.398823737,1.0541548163060694,37.56791454510688,76.17897491089742
t_half,16.750996183,16.546215500000002,1.9718753075524404,1.8557096333999974,13.8937133,20.311158649999996,1.0070359584720225,677.5424303579468,1386.2022115923337
tau,0.0980254019775,0.096060865,0.02161730727301011,0.018933850198199997,0.0646632564,0.1379611575,1.1502040735871009,13.302017832730177,41.924241135677995
