variable,mean,median,sd,mad,q5,q95,rhat,ess_bulk,ess_tail
mu,3.878626759,3.8809081,0.17331908691685546,0.17199998424000001,3.591825585,4.158874475,0.9998914579289307,1156.8687153827636,1915.1901198273501
sigma,0.4329616020275,0.432673955,0.01072436677716243,0.010702429793999999,0.415619766,0.45050798699999994,1.0750719836653937,18.795096570122944,122.31394208007224
t_half,17.42454893675,17.185412499999998,2.25970843936316,2.1988203383999996,14.1348752,21.43812775,1.0116636019041418,478.98947562794086,1826.0762872118646
tau,0.11830233599675,0.12077164500000001,0.024504547954651342,0.02264760456,0.07565675919999999,0.15802145799999995,1.2691501454959773,6.155614313320974,18.9070728128072
