variable,mean,median,sd,mad,q5,q95,rhat,ess_bulk,ess_tail
mu,3.9658343051,3.96603145,0.028448693971093373,0.028214619299999924,3.9179088349999995,4.0110670950000005,1.0014032935024868,1176.1674119752843,1849.6449873665085
sigma,1.356949197375,1.3609344,0.0871626889802024,0.08618591016000009,1.20886301,1.495958835,1.2606251611983064,6.495448963018462,58.417317594954824
t_half,0.7243806645525,0.7204009849999999,0.07452884497990274,0.07085500331700004,0.6113313735,0.8506808484999999,1.0656061633199552,34.31327530371573,187.88633472453333
tau,0.22981953146725,0.20650995,0.09374790681522438,0.10663824372600003,0.10478786550000001,0.38418948299999994,1.8522706350216553,3.0565841925186366,17.209940202329935
