variable,mean,median,sd,mad,q5,q95,rhat,ess_bulk,ess_tail
mu,4.05582140445,4.0588299,0.12160255909564642,0.11849480349000001,3.853839095,4.254351785,1.001327935898359,1047.1898079582777,1713.1538994820232
sigma,0.5476029256,0.54819712,0.01616615623006148,0.016045586760000022,0.5209585015,0.572420702,1.056826177884409,27.60846654824736,26.901938613527488
t_half,9.318772773,9.2283313,1.0553912334453208,1.0387107460800002,7.7489177400000004,11.211243,1.0109903411948786,203.65648500020055,709.6195717698404
tau,0.1313910620455,0.12737123,0.03708703475410941,0.03624449209499998,0.07806430575000001,0.19397801649999996,1.1463364372477844,11.600211532609105,20.624470288678864
