b	d	dz	氶b	氶	5/5	1.0
		z	-	氿	2/4	0.6636761293359037
p	t	ts	kp	k	5/5	1.0
f		s	-		2/4	0.7295437254844072
3/4	2/4	4/4	2/2	3/4
0.9245876636004398	0.9287885102262046	1.0	1.0	0.875264981544242
