metric,Estimate,SE
elpd_loo,-948.99783627221,44.44806147926427
p_loo,265.7182865049637,14.041971039605105
looic,1897.99567254442,88.89612295852854
