metric,Estimate,SE
elpd_loo,-949.5151924341258,44.428455669076946
p_loo,266.4612846032873,14.02180215582542
looic,1899.0303848682515,88.85691133815389
