metric,Estimate,SE
elpd_loo,-1171.6396985468625,37.47898214045721
p_loo,716.1164615934767,23.878189018843234
looic,2343.279397093725,74.95796428091442
