ts	t虪蕛	2/2	1.0
dz	d虪蕭	2/2	1.0
ndz		1/2	0.4751558109832929
3/3	2/3
1.0	0.9844765206535627
