metric,Estimate,SE
elpd_loo,-1017.6578752355495,34.80604789547348
p_loo,704.7139146028993,20.24883421696324
looic,2035.315750471099,69.61209579094697
