metric,Estimate,SE
elpd_loo,-1016.6459536623585,34.88970102921989
p_loo,704.1910143363855,20.37979543982461
looic,2033.291907324717,69.77940205843979
