p	t	ts	k	4/4	1.0
v				1/4	0.26975499175017215
2/2	1/2	1/2	1/2
1.0	0.9640889856444032	0.67894585315542	0.8774850163606285
