metric,Estimate,SE
elpd_loo,-1941.3430676708397,30.520298742102604
p_loo,299.39639312492926,10.684564247933434
looic,3882.6861353416793,61.04059748420521
