metric,Estimate,SE
elpd_loo,-1939.8428367022007,30.454517296891375
p_loo,298.1140237451668,10.612527849278486
looic,3879.6856734044013,60.90903459378275
