p	t	t톗	kp	k	5/5	1.0
b	d	d툼	토b	토	5/5	1.0
톕	톙	-	-		2/3	0.8039092654945108
톶	s		-		2/4	0.8343512407885574
mb	nd	nd툼	콂m토b	콂토	5/5	1.0
5/5	5/5	3/4	3/3	3/5
1.0	1.0	0.7690874088761912	1.0	0.8667505198666621
