metric,Estimate,SE
elpd_loo,-512.1748264114015,129.31193280286112
p_loo,245.34910047370343,7.893068615864959
looic,1024.349652822803,258.62386560572224
