metric,Estimate,SE
elpd_loo,-512.9794979784785,129.28438117100112
p_loo,244.99046876455216,7.942840427885276
looic,1025.958995956957,258.56876234200223
