b	d	dz	d虪蕭	b什	d什	dz什	伞	伞什	9/9	1.0
v		z	蕭	v什		z什			5/9	0.6821932562851372
p	t	ts	t虪蕛	p什	t什	ts什	k	k什	9/9	1.0
f		s	蕛	f什		s什	x	x什	7/9	0.8973507516737652
4/4	2/4	4/4	4/4	4/4	2/4	4/4	3/4	3/4
1.0	0.9036894656578184	1.0	1.0	1.0	0.9072658771682904	1.0	0.9458984764575173	0.9574691982946859
