t퍍s퍍|ts	-	t톗	2/2	1.0
t퍍s퍍퉗|ts퉗	-	t톗퉗	2/2	1.0
	n퍍t퍍s퍍|nts	nt톗	2/3	0.0493916121312423
2/3	1/1	3/3
0.989277115157229	1.0	1.0
