p	t퍍|t	t퍍s퍍|ts	-	k	q	t톗	6/6	1.0
v		z퍍|z	-			툼	3/6	0.7594672871061303
mp	n퍍t퍍|nt		n퍍t퍍s퍍|nts	콂k		nt톗	5/7	0.6711800159912608
p퉗	t퍍퉗|t퉗	t퍍s퍍퉗|ts퉗	-	k퉗	q퉗	t톗퉗	6/6	1.0
f		s퍍|s	-	x		톗	4/6	0.9245921057654484
5/5	3/5	4/5	1/1	4/5	2/5	5/5
1.0	0.8914334379249659	0.9953649270625872	1.0	0.9496096500878946	0.5904509387291073	1.0
