metric,Estimate,SE
elpd_loo,-1940.7871221149862,30.48699165506856
p_loo,323.4985267928157,11.480077183768898
looic,3881.5742442299725,60.97398331013712
