metric,Estimate,SE
elpd_loo,-1942.3414512410382,30.410958152578207
p_loo,321.56409683950494,11.30210502339433
looic,3884.6829024820763,60.821916305156414
