p	t	ts	tŐ† É	 ą ā	k	q	7/7	1.0
f		s	 É	 ā	x		5/7	0.8355221408534013
p į	t į	ts į	tŐ† É į	 ą ā į	k į		6/7	0.9364345252485102
3/3	2/3	3/3	3/3	3/3	3/3	1/3
1.0	0.9257349579337878	1.0	1.0	1.0	1.0	0.56653807647769
