b	d	dz	톘	토	5/5	1.0
b퉘	d퉘	dz퉘	톘퉘	토퉘	5/5	1.0
		s			1/5	0.5483060532477599
p	t	ts	툳	k	5/5	1.0
p퉗	t퉗	ts퉗	툳퉗	k퉗	5/5	1.0
4/5	4/5	5/5	4/5	4/5
0.8419662670981969	0.9443485031544581	1.0	0.9801431128847967	0.8701631738797381
