b	d	dz	dج ت’	ةں	ة،	6/6	1.0
v		z	ت’			3/6	0.6816129784089557
p	t	ts	tج تƒ	c	k	6/6	1.0
f		s	تƒ			3/6	0.7020918852295058
4/4	2/4	4/4	4/4	2/4	2/4
1.0	0.9036894656578184	1.0	1.0	0.8371047217913103	0.8208175339725856
