b	d酞	dz	d虪蕭	蔁	伞	6/6	1.0
v		z	蕭			3/6	0.6920108783360928
p	t酞	ts	t虪蕛	c	k	6/6	1.0
f		s	蕛		x	4/6	0.910584794186606
4/4	2/4	4/4	4/4	2/4	3/4
1.0	0.8337086869543983	1.0	1.0	0.8371047217913103	0.9458984764575173
