ts	t虪蕛	2/2	1.0
	t虪蕛拾	1/2	0.43321052729923504
1/2	2/2
0.816485463905701	1.0
