ts	t虪蕛	2/2	1.0
	d虪蕭	1/2	0.639585326165606
ndz	n虪d虪蕭	2/2	1.0
2/3	3/3
0.8365605931842227	1.0
