b	d	dz	토	d툼	5/5	1.0
		z	톢		2/5	0.6262158619818677
p	t	ts	k	t톗	5/5	1.0
f		s	x	톗	4/5	0.8929898966871936
p퉗	t퉗	ts퉗	k퉗	t톗퉗	5/5	1.0
4/5	3/5	5/5	5/5	4/5
0.9241274674154261	0.897607108386815	1.0	1.0	0.9080640700998206
