b	d酞	dz	d虪蕭	伞	5/5	1.0
v	冒	z	蕭		4/5	0.7516856091295739
p	t酞	ts	t虪蕛	k	5/5	1.0
f	胃	s	蕛		4/5	0.7923720569150013
4/4	4/4	4/4	4/4	2/4
1.0	1.0	1.0	1.0	0.8231799477121992
