p	t	ts	t虪蕛	k	k什	k史	7/7	1.0
		s	蕛				2/7	0.4967845069926425
1/2	1/2	2/2	2/2	1/2	1/2	1/2
0.7012860405677015	0.8562298606560238	1.0	1.0	0.7571685870938502	0.7254108605092832	0.6199885113323674
