metric,Estimate,SE
elpd_loo,-1887.441705603001,83.0977414109114
p_loo,438.20397059714435,35.41930564823232
looic,3774.883411206002,166.1954828218228
