metric,Estimate,SE
elpd_loo,-1888.5130693814763,83.07686397590574
p_loo,440.37205744712,35.47051185293775
looic,3777.0261387629525,166.15372795181148
