p	t	tŐ† É	kp	k	5/5	1.0
b	d	dŐ† í			3/5	0.6817195934566143
		s	-		1/4	0.5160654849487412
mb	nd	nŐ†dŐ† í	Ňčm…°b	Ňč…°	5/5	1.0
3/4	3/4	4/4	2/3	2/4
0.8405520568028475	0.9249872493470914	1.0	0.5191275997553295	0.637573694367285
