p	t	kp	k	c	5/5	1.0
		伞b	伞	蔁	3/5	0.35342352017563755
mb	nd	艐m伞b	艐伞	刹蔁	5/5	1.0
f	s	-		蕛	3/4	0.856123635969198
v	z	-		蕭	3/4	0.8113920698823937
杀v	nz	-			2/4	0.9389131852166317
5/6	5/6	3/3	3/6	5/6
0.745060474474231	0.8125150332220097	1.0	0.8171043049446871	0.9999922201938204
