p	t酞|t	ts	k	4/4	1.0
尾				1/4	0.2700345348985572
p藔	t酞藔|t藔	ts藔	k藔	4/4	1.0
p拾	t酞拾|t拾	ts拾	k拾	4/4	1.0
		s		1/4	0.5493653808334665
4/5	3/5	4/5	3/5
0.8516100214922967	0.9285003099754382	0.8954482474638519	0.8224901409080072
