metric,Estimate,SE
elpd_loo,-1570.3533539244233,33.65501762146242
p_loo,536.0607448439686,17.29909600574186
looic,3140.7067078488467,67.31003524292484
