d̀ªz̀ª|dz	d̀ Ê’	2/2	1.0
t̀ªs̀ª|ts	t̀ Êƒ	2/2	1.0
	t̀ ÊƒÊ°	1/2	0.5539651757672875
2/3	3/3
0.8420678278042307	1.0
