b	d酞|d	d酞z酞|dz	d虪蕭	伞	5/5	1.0
		s酞|s	蕛		2/5	0.5499706059893547
p	t酞|t	t酞s酞|ts	t虪蕛	k	5/5	1.0
p拾	t酞拾|t拾		t虪蕛拾	k拾	4/5	0.9097858427841895
3/4	3/4	3/4	4/4	3/4
0.8411466124560619	0.9500002136324452	0.9291601022850496	1.0	0.8691442296063112
