p	t	ts	t虪蕛	k	5/5	1.0
		s	蕛	x	3/5	0.7165423008526518
1/2	1/2	2/2	2/2	2/2
0.6996354507459577	0.8562298606560238	1.0	1.0	1.0
