p	t	ts	蕡蕚	p什	k	t蓵	7/7	1.0
			蕫			蕬	2/7	0.06257994817604927
p拾	t拾	ts拾	蕡蕚拾	p什拾	k拾	t蓵拾	7/7	1.0
f		s	蕚		x	蓵	5/7	0.8957592923983381
3/4	2/4	3/4	4/4	2/4	3/4	4/4
0.9244972249605904	0.9034423347639959	0.8953707592861052	1.0	0.6508688205846297	0.9506598419053781	1.0
