p	t	ts	k	4/4	1.0
		ʐ	ɣ	2/4	0.7141892329607596
1/2	1/2	2/2	2/2
0.8197620914843547	0.968572904370732	1.0	1.0
