b	d	dz	氶b	氶	5/5	1.0
v			-		1/4	0.2700345348985572
		ts	kp		2/5	0.1801858532674171
f		s	-		2/4	0.7295437254844072
p夆	t夆			k夆	3/5	0.7874019368681572
4/5	2/5	3/5	2/3	2/5
0.5779225553105528	0.3633627019942803	0.8192733721798708	0.9995394491542985	0.3288527697114317
