b	d酞	dz	d虪蕭	伞	5/5	1.0
v		z	蕭	蕘	4/5	0.9385211291453356
		ts	t虪蕛		2/5	0.19164475697955116
f		s	蕛	蠂	4/5	0.9414739344995254
p拾	t酞拾			k拾	3/5	0.7550352827840899
p始	t酞始	ts始	t虪蕛始	k始	5/5	1.0
5/6	3/6	5/6	5/6	5/6
0.6334613328605496	0.35845436191056707	0.9312877331047779	0.9175028977861703	0.6047985095698567
