p	t	ts	k	4/4	1.0
尾	冒	蕫	桑	4/4	1.0
筛	胃	s		3/4	0.8018639635342242
3/3	3/3	3/3	2/3
1.0	1.0	1.0	0.7734093691617321
