p	t	ts	t虪蕛	kp	k	6/6	1.0
b	d	dz	d虪蕭	伞b	伞	6/6	1.0
v				-	桑	2/5	0.5179806591948745
mb	nd	ndz	n虪d虪蕭	艐m伞b	艐伞	6/6	1.0
f		s	蕛	-		3/5	0.6996525911823187
5/5	3/5	4/5	4/5	3/3	4/5
1.0	0.9024938219897998	0.8726726513400429	0.9229516648555103	1.0	0.8741872554799034
