p	t	ts	tŐ† É	k	q	6/6	1.0
v		z		…£	 Ā	4/6	0.7950214002356807
p į	t į	ts į	tŐ† É į	k į	q į	6/6	1.0
f		s	 É		Ōá	4/6	0.7644197270984479
4/4	2/4	4/4	3/4	3/4	4/4
1.0	0.9034423347639959	1.0	0.9236299312927462	0.9001795111750567	1.0
