-	p	t	ts	t虪蕛	t史	p什	t什	k	k什	k史	10/10	1.0
-		d									1/10	0.28733065760484316
-	尾		z	蕭				桑		蕭史	5/10	0.8835090302841209
mb史	mb	nd		n虪d虪蕭				艐伞	艐伞什	艐伞史	7/11	0.9182405049995594
-	f		s	蕛				x		蕛史	5/10	0.8633030953983809
1/1	4/5	3/5	3/5	4/5	1/5	1/5	1/5	4/5	2/5	4/5
1.0	0.7454102064936204	0.9024938219897998	0.9296026645846446	0.8522944973446271	0.7406778427939649	0.40472231468091496	0.48352637185947606	0.805653698791999	0.4902715322567829	0.8879348427985692
