metric,Estimate,SE
elpd_loo,-512.0120497817206,129.28224176596814
p_loo,247.50292275776127,7.951501377648595
looic,1024.0240995634413,258.5644835319363
