metric,Estimate,SE
elpd_loo,-513.1037546133683,129.27623633484365
p_loo,245.21288188177962,7.88283441310864
looic,1026.2075092267366,258.5524726696873
