p	t	ts	tŐ† É	 ą ā	k	q	7/7	1.0
				 ź		 Ā	2/7	0.12778901773236698
p į	t į	ts į	tŐ† É į	 ą ā į	k į	q į	7/7	1.0
		s	 É	 ā	x		4/7	0.6511341680990647
2/4	2/4	3/4	3/4	4/4	3/4	3/4
0.7762932451835165	0.9034423347639959	0.8709288035440903	0.9236299312927462	1.0	0.9593074711657088	0.7454679666634182
