p	t	kp	k	k퉝	-	5/5	1.0
b	d	토b	토	토퉝	-	5/5	1.0
-	-	-	-	-	콂토mb	1/1	1.0
mb	nd		콂토	콂토퉝	-	4/5	0.9816938333476605
톕	톙	-		-	-	2/3	0.8107532824294101
4/4	4/4	2/3	3/4	3/3	1/1
1.0	1.0	0.9487293409108509	0.9879946527695005	1.0	1.0
