metric,Estimate,SE
elpd_loo,-946.1124245113881,43.97729047558417
p_loo,293.3957812730541,15.163054040931748
looic,1892.2248490227762,87.95458095116834
