metric,Estimate,SE
elpd_loo,-946.7583225758591,44.07097897488425
p_loo,295.12215871961104,15.32140798311563
looic,1893.5166451517182,88.1419579497685
