b	d酞|d	d酞z酞|dz	d虪蕭	伞	5/5	1.0
		s酞|s			1/5	0.36547865241979666
p	t酞|t	t酞s酞|ts		k	4/5	0.8971257296105288
p拾	t酞拾|t拾	t酞s酞拾|ts拾		k拾	4/5	0.8772116871509358
3/4	3/4	4/4	1/4	3/4
0.8411466124560619	0.9500002136324452	1.0	0.1605052193109056	0.8691442296063112
