metric,Estimate,SE
elpd_loo,-1677.2387320720113,39.827122558562735
p_loo,524.4976522773823,21.91377614039246
looic,3354.4774641440226,79.65424511712547
