p	t	kp	k	4/4	1.0
b		伞b		2/4	0.32361959166343474
mb	nd	艐m伞b	艐伞	4/4	1.0
3/3	2/3	3/3	2/3
1.0	0.7168055846771938	1.0	0.7318314894732322
