b	dz	d酞	d虪蕭	伞	5/5	1.0
蓳	-	蓷	-		2/3	0.8036323216451039
	z		蕭		2/5	0.4057500139403949
	s		蕛		2/5	0.5172434210505247
p拾	ts拾	t酞拾	t虪蕛拾	k拾	5/5	1.0
	ts始		t虪蕛始	k始	3/5	0.6075647189614619
3/6	5/5	3/6	5/5	3/6
0.5517870090606755	1.0	0.6623251768808069	1.0	0.6840896975450107
