b	d酞|d	d酞z酞|dz	d虪蕭		d虪蕭史	伞	伞史	散	散摔		散史	散史摔	11/13	0.9997861013716498
		z酞|z				桑		蕘	蕘摔		蕘史	蕘史摔	6/13	0.5000348433823006
		s酞|s	蕛	s酞史|s史		x	x史	蠂	蠂摔	魔	蠂史	蠂史摔	10/13	0.7581765313565094
p拾	t酞拾|t拾	t酞s酞拾|ts拾	t虪蕛拾	t酞s酞史拾|ts史拾		k拾	k史拾	q拾	q摔拾	-	q史拾	q史摔拾	11/12	0.9982513893480865
p始	t酞始|t始	t酞s酞始|ts始	t虪蕛始	t酞s酞史始|ts史始	t虪蕛史始	k始	k史始	q始	q摔始	-	q史始	q史摔始	12/12	1.0
3/5	3/5	5/5	4/5	3/5	2/5	5/5	4/5	5/5	5/5	1/3	5/5	5/5
0.6417828404020512	0.8675577229803292	1.0	0.8846977024372938	0.7025524668255472	0.2333505474031662	1.0	0.9812829629781283	1.0	1.0	0.713617098463052	1.0	1.0
