t酞胃	t涩	ts	t虪蕛	tx	kx	kx史	7/7	1.0
t酞胃始	t涩始	ts始	t虪蕛始				4/7	0.8875369674343966
t酞胃拾	t涩拾	ts拾	t虪蕛拾	-			4/6	0.9461447863289286
3/3	3/3	3/3	3/3	1/2	1/3	1/3
1.0	1.0	1.0	1.0	0.6067686590858312	0.6717622515457615	0.41062725634348235
