p	t酞	kp	k	4/4	1.0
b	d酞	伞b	伞	4/4	1.0
	nd酞		艐伞	2/4	0.5457894019240717
2/3	3/3	2/3	3/3
0.97184827087695	1.0	0.9498754830190782	1.0
