metric,Estimate,SE
elpd_loo,-1018.6722001044451,35.092608172695286
p_loo,714.0995000203073,20.677949360953647
looic,2037.3444002088902,70.18521634539057
