metric,Estimate,SE
elpd_loo,-513.8714228663746,129.16751916824774
p_loo,231.94377423380982,7.476231612177489
looic,1027.7428457327492,258.3350383364955
