metric,Estimate,SE
elpd_loo,-513.8424284158287,129.13846452091627
p_loo,232.20870957250503,7.510002545209542
looic,1027.6848568316575,258.27692904183255
