b	d	d톭	dz	토	톡	6/6	1.0
		톭	z		투	3/6	0.5219791368430968
		톫	s		픦	3/6	0.6677154359892956
	t퉗	t톫퉗	ts퉗	k퉗	q퉗	5/6	0.7943583907062608
	t퉢	t톫퉢	ts퉢	k퉢	q퉢	5/6	0.8464475378262651
1/5	3/5	5/5	5/5	3/5	5/5
0.419687402956304	0.9390992988129769	1.0	1.0	0.7526364642133684	1.0
