b	d酞|d	d酞z酞|dz	d虪蕭	伞	5/5	1.0
尾					1/5	0.27238629067333836
筛		s酞|s	蕛	x	4/5	0.9301005870841267
p拾	t酞拾|t拾	t酞s酞拾|ts拾	t虪蕛拾	k拾	5/5	1.0
4/4	2/4	3/4	3/4	3/4
1.0	0.8448621406432286	0.8328843424376673	0.8653366985378955	0.8960030170253597
