p	t	kp	k	4/4	1.0
f	s	-		2/3	0.8708878021009361
2/2	2/2	1/1	1/2
1.0	1.0	1.0	0.7463088967653868
