ts	t虪蕛	2/2	1.0
dz	d虪蕭	2/2	1.0
	n虪d虪蕭	1/2	0.5267655643234989
2/3	3/3
0.9822549417108232	1.0
