p	t	ts	t虪蕛	k	5/5	1.0
f		s	蕛	x	4/5	0.8977613216503197
尾		nz			2/5	0.5510344893828383
mb	nd		n虪d虪蕭	艐伞	4/5	0.9565996624097305
4/4	2/4	3/4	3/4	3/4
1.0	0.9024970917880081	0.9295884114719304	0.9229484215863367	0.9472117529137525
