b	d酞	dz	蓶	蔁蕽	伞	6/6	1.0
b踏	d酞踏	d踏z	蓶踏	蔁踏蕽	伞时	6/6	1.0
f		s	蕚	莽		4/6	0.7643856200854253
p	t酞	ts	蕡	c莽	k	6/6	1.0
p拾	t酞拾	ts拾	蕡拾	c莽拾	k拾	6/6	1.0
5/5	4/5	5/5	5/5	5/5	4/5
1.0	0.8153827108274095	1.0	1.0	1.0	0.8684968054529676
