metric,Estimate,SE
elpd_loo,-1163.6087458189895,37.636940807848156
p_loo,745.9809106621699,24.52060968415773
looic,2327.217491637979,75.27388161569631
