metric,Estimate,SE
elpd_loo,-1568.6883655405272,33.6824741557637
p_loo,537.8585193049071,17.32288387406423
looic,3137.3767310810545,67.3649483115274
