ts贪	t虪蕛贪	2/2	1.0
	t虪蕛	1/2	0.5088836139570201
1/2	2/2
0.014483243889926289	1.0
