p	t	t虪蕛	kp	k	5/5	1.0
b	d	d虪蕭	伞b	伞	5/5	1.0
蓳	蓷	-	-		2/3	0.8038629283657579
v		z	-		2/4	0.679217665409823
mb	nd	n虪d虪蕭	艐m伞b	艐伞	5/5	1.0
f		s	-		2/4	0.6996525911823187
6/6	4/6	5/5	3/3	3/6
1.0	0.9024583905905715	1.0	1.0	0.8118096695790433
