p	t	t史	kpr	kp	c	k	7/7	1.0
b	d		伞br	伞b	蔁	伞	6/7	0.9985148333108579
mb	nd		-	艐m伞b	刹蔁	艐伞	5/6	0.9974966769671821
蓳	蓷		-	-	蕜		3/5	0.9196480843669423
4/4	4/4	1/4	2/2	3/3	4/4	3/4
1.0	1.0	0.7855857332108365	1.0	1.0	1.0	0.9942271009636375
