metric,Estimate,SE
elpd_loo,-1669.541004825232,39.14949428290712
p_loo,547.9577160087603,21.98314353663992
looic,3339.082009650464,78.29898856581424
