p	t	kp	k	c	5/5	1.0
b	d	伞b	伞	蔁	5/5	1.0
mb	nd	艐m伞b	艐伞	刹蔁	5/5	1.0
蓳	蓷	-			2/4	0.8038629283657579
f	s	-		蕛	3/4	0.856123635969198
v	z	-		蕭	3/4	0.8113920698823937
杀v	nz	-		刹蕭	3/4	0.9419644009704984
7/7	7/7	3/3	3/7	6/7
1.0	1.0	1.0	0.8123634793433945	0.9854520135559142
