p	t	kp	c	k	5/5	1.0
b	d	伞b	蔁	伞	5/5	1.0
mb	nd	艐m伞b	刹蔁	艐伞	5/5	1.0
蓳	蓷	-			2/4	0.8038629283657579
4/4	4/4	3/3	3/4	3/4
1.0	1.0	1.0	0.9473754715370958	0.9942271009636375
