p	t	ts	tŐ† É	 ą ā	k	t…ē	7/7	1.0
b	d	dz	dŐ† í	…Ė ź	…°	d Ď	7/7	1.0
	-	s į	 É į			…ē į	3/6	0.9100529459529982
		z	 í		…£	 Ď	4/7	0.603808843882884
p į	t į	ts į	tŐ† É į	 ą ā į	k į	t…ē į	7/7	1.0
mb	nd	ndz	nŐ†dŐ† í	…≥…Ė ź	Ňč…°	nd Ď	7/7	1.0
		s	 É		x	…ē	4/7	0.6564592710776468
4/7	4/6	7/7	7/7	4/7	6/7	7/7
0.773099574294249	0.9013775532553205	1.0	1.0	0.4615823913817077	0.9999008261519091	1.0
