p	t	ts	t虪蕛	k	q	6/6	1.0
		s	蕛	x		3/6	0.6508031205895501
p始	t始	ts始	t虪蕛始	k始	q始	6/6	1.0
2/3	2/3	3/3	3/3	3/3	2/3
0.8406175599330874	0.9254308940822885	1.0	1.0	1.0	0.7116674456042692
