b	d酞	dz	蓶	蔁蕽	伞	6/6	1.0
		z				1/6	0.3640383068259435
p	t酞	ts	蕡	c莽	k	6/6	1.0
		s	蕚	莽		3/6	0.5763665606968228
p拾	t酞拾	ts拾	蕡拾	c莽拾	k拾	6/6	1.0
3/5	3/5	5/5	4/5	4/5	3/5
0.7751802075349559	0.7537549271682036	1.0	0.9384637299709679	0.9568950329285429	0.8191459656681378
