b	d	dz	氶	4/4	1.0
伓		s		2/4	0.7307155530096854
	t		k	2/4	0.6122573241550406
2/3	2/3	2/3	2/3
0.455124746620214	0.9486623782551034	0.5564294191609775	0.8703076603118558
