b	d	dz	톘툻	토	톡	d툼	7/7	1.0
		z	툻	톢		툼	4/7	0.5668606948380097
p	t	ts	툳툭	k	q	t톗	7/7	1.0
f		s	툭			톗	4/7	0.7172194370707018
p퉗	t퉗	ts퉗	툳툭퉗	k퉗	q퉗	t톗퉗	7/7	1.0
4/5	3/5	5/5	5/5	4/5	3/5	5/5
0.9241384514224245	0.9025973360187686	1.0	1.0	0.9095721692832164	0.6313476121643393	1.0
