p	t	ts	tŐ† ÉŐļ	k	t…ē	6/6	1.0
f		s	 ÉŐļ	x	…ē	5/6	0.9006880000764816
p į	t į	ts į	tŐ† ÉŐļ į	k į	t…ē į	6/6	1.0
3/3	2/3	3/3	3/3	3/3	3/3
1.0	0.9257349579337878	1.0	1.0	1.0	1.0
