b	d	dz	톘툻	토	d툼	6/6	1.0
		z		톢	툼	3/6	0.603697484537527
p	t	ts	툳툭	k	t톗	6/6	1.0
		s	툭	x	톗	4/6	0.7143790142574844
p퉗	t퉗	ts퉗	툳툭퉗	k퉗	t톗퉗	6/6	1.0
3/5	3/5	5/5	4/5	5/5	5/5
0.7751802075349559	0.9025973360187686	1.0	0.8887453915081784	1.0	1.0
