b	d酞	dz	蓶	d虪蕭什	伞	6/6	1.0
		s		蕛什		2/6	0.5397574453596127
p	t酞	ts	蕡	t虪蕛什	k	6/6	1.0
p拾	t酞拾	ts拾	蕡拾	t虪蕛什拾	k拾	6/6	1.0
3/4	3/4	4/4	3/4	4/4	3/4
0.8411466124560619	0.8134428548603798	1.0	0.9799795241746977	1.0	0.8693548045488081
