dz	dŐ† ď	dŐ† í	…Ė ź	dŐ† ď ∑	5/5	1.0
	tŐ† Ü				1/5	0.0032316248564763636
ts į	tŐ† Ü į	tŐ† É į	 ą ā į	tŐ† Ü ∑ į	5/5	1.0
ts ľ	-	tŐ† É ľ	 ą ā ľ	tŐ† Ü ∑ ľ	4/4	1.0
3/4	3/3	3/4	3/4	3/4
0.5316205713041846	1.0	0.530829972203239	0.5523069705937651	0.8
