b	d	dz	d虪蕮	d虪蕭	蓶蕫	d史	d虪蕮史	伞什					-	-	伞	伞史	11/15	0.9844949089547703
v		z	蕮	蕭	蕫		蕮史		蕘		蕘史			蕘什		蕭史	10/17	0.7543376404780658
			t虪蕟										-	-			1/15	0.0006509084338007718
f		s	蕟	蕛	蕚		蕟史		蠂	蠂摔	蠂史	蠂史摔	魔史	蠂什	魔	蕛史	14/17	0.8723588645729993
p拾	t拾	ts拾	t虪蕟拾	t虪蕛拾	蕡蕚拾	t史拾	t虪蕟史拾	k什拾					-	-	k拾	k史拾	11/15	0.9313367849094211
p始	t始	ts始	-	t虪蕛始	蕡蕚始	t史始	t虪蕟史始	k什始	q始		q史始		-	q什始	k始	k史始	13/15	0.9971116962953983
5/6	3/6	5/6	5/5	5/6	5/6	3/6	5/6	3/6	3/6	1/6	3/6	1/6	1/2	3/3	4/6	5/6
0.6322923521272297	0.4268674795507502	0.8276308965902186	1.0	0.6975511665650052	0.7855812071432754	0.796323963981555	0.8980306191298258	0.516789812656947	0.4875870554059922	0.27881821703549464	0.6580445933441446	0.4749999999999999	0.6814693321780033	1.0	0.5179033644407063	0.6041239852611247
