metric,Estimate,SE
elpd_loo,-945.5146004396494,44.371451794622274
p_loo,304.6912084621285,15.787999945913432
looic,1891.0292008792987,88.74290358924455
