metric,Estimate,SE
elpd_loo,-946.1601071135864,44.36211619218179
p_loo,303.66768770174815,15.712107840800343
looic,1892.3202142271728,88.72423238436357
