metric,Estimate,SE
elpd_loo,-945.1868511957736,44.341155906483515
p_loo,304.67462884626633,15.733312880025139
looic,1890.373702391547,88.68231181296703
