metric,Estimate,SE
elpd_loo,-946.2827501524282,44.17012657191419
p_loo,299.60422539396365,15.395806759571608
looic,1892.5655003048564,88.34025314382838
