b	d퍍|d	d퍍z퍍|dz	토	4/4	1.0
b퍇	d퍍퍇|d퍇	d퍍z퍍퍇|dz퍇	토퍇	4/4	1.0
		s퍍|s		1/4	0.5855276217792269
p	t퍍|t	t퍍s퍍|ts	k	4/4	1.0
p퉗	t퍍퉗|t퉗	t퍍s퍍퉗|ts퉗	k퉗	4/4	1.0
4/5	4/5	5/5	4/5
0.8419662670981969	0.9310914630622188	1.0	0.8701631738797381
