t…¨	ts	tŐ† É	3/3	1.0
	dz	dŐ† í	2/3	0.9825347291458587
t…¨ į	ts į	tŐ† É į	3/3	1.0
t…¨ ľ	ts ľ	tŐ† É ľ	3/3	1.0
-	ndz	nŐ†dŐ† í	2/2	1.0
3/4	5/5	5/5
0.9288148421277478	1.0	1.0
