p	t酞	t涩	ts	t虪蕛	k	k史	7/7	1.0
b	d酞		dz	d虪蕭	伞		5/7	0.9729213782092524
f		涩	s	蕛			4/7	0.7160880322875145
p拾	t酞拾	t涩拾	ts拾	t虪蕛拾	k拾	k史拾	7/7	1.0
p始		t涩始	ts始	t虪蕛始	k始	k史始	6/7	0.9283896947366268
mb	n酞d酞	-	ndz	n虪d虪蕭	艐伞		5/6	0.9734374302795082
mp拾	n酞t酞拾	-				-	2/5	0.4136733053937299
7/7	5/7	4/5	6/7	6/7	5/7	3/6
1.0	0.8103446378864846	0.9712018231269618	0.9974782232100888	0.9958105361218452	0.8629367749052453	0.6421659033179451
