metric,Estimate,SE
elpd_loo,-1675.3606346916333,39.417879495179704
p_loo,530.4561261458192,22.065446934928417
looic,3350.7212693832666,78.83575899035941
