metric,Estimate,SE
elpd_loo,-460.5528030790047,130.68524156338083
p_loo,945.3809397746302,22.04736312558351
looic,921.1056061580094,261.37048312676166
