metric,Estimate,SE
elpd_loo,-463.0231631526326,130.54375845324634
p_loo,939.3111017886752,21.70461873209972
looic,926.0463263052652,261.0875169064927
