p	t	kp	k	k퉝	5/5	1.0
b	d	토b	토	토퉝	5/5	1.0
mb	nd	콂m토b	콂토	콂토퉝	5/5	1.0
톕	톙	-		-	2/3	0.8107532824294101
4/4	4/4	3/3	3/4	3/3
1.0	1.0	1.0	0.9879946527695005	1.0
