p	-	蕡	kp	k	t虪蕛	5/5	1.0
b	-	蓶	伞b	伞	d虪蕭	5/5	1.0
蓳	-	蓷	-		蕜	3/4	0.9221228927369235
f	-	胃	-		s	3/4	0.8567556366831025
mb	-	沙蓶	艐m伞b	艐伞	n虪d虪蕭	5/5	1.0
v	杀冒	冒	-		z	4/5	0.8135502176301422
6/6	1/1	6/6	3/3	3/6	6/6
1.0	1.0	1.0	1.0	0.8143813979732836	1.0
