b	d酞	dz	d虪蕭	蓶蕫	b藶	伞藶	伞	8/8	1.0
		z	蕭	蕫	-		桑	4/7	0.6426303902965202
p	t酞	ts	t虪蕛	蕡蕚	p藶	k藶	k	8/8	1.0
		s	蕛	蕚	-		x	4/7	0.7338335391481589
p拾	t酞拾	ts拾	t虪蕛拾	蕡蕚拾	p藶拾	k藶拾	k拾	8/8	1.0
3/5	3/5	5/5	5/5	5/5	3/3	3/5	5/5
0.7751802075349559	0.8321446021172987	1.0	1.0	1.0	1.0	0.004262791524821873	1.0
