b	bv	d	dz	d虪蕭	伞	伞史	7/7	1.0
b时		d时			伞时		3/7	0.83692662122034
尾	v		z	蕭	桑		5/7	0.9011830691687849
p	pf	t	ts	t虪蕛	k		6/7	0.9623782057559723
	f		s	蕛			3/7	0.635628645985575
p拾		t拾			k拾		3/7	0.7701070635325528
5/6	4/6	4/6	4/6	4/6	5/6	1/6
0.9636733811678875	0.9997401125123732	0.9034182506791761	0.9265925339378784	0.9155475058636333	0.8751413301324625	0.12950997224819816
