b		d	dz	d虪蕭	d史	dz史	d虪蕭史	b什		d史什	伞b	伞b什	伞	伞什	伞史	伞史什	15/17	0.9946103003538488
尾	v		z	蕭						-	-	-				-	4/13	0.6519136755485279
p	pf	t	ts	t虪蕛	t史	ts史	t虪蕛史	p什	t什	-	kp	kp什	k	k什			14/16	0.9643191528480876
筛	f		s	蕛			蕛史	筛什			-	-					6/15	0.6688025411532837
4/4	3/4	2/4	4/4	4/4	2/4	2/4	3/4	3/4	1/4	1/2	2/2	2/2	2/4	2/4	1/4	1/3
1.0	0.998109494308453	0.9036894656578184	1.0	1.0	0.9036990010587317	0.39045340002126394	0.7462411569241734	0.8139685439555596	0.48352637185947606	0.6000000000000003	1.0	1.0	0.8208175339725856	0.8351318471338511	0.13161211225850228	0.22140670028818446
