b史	b	d	dz	d虪蕭	d史	dz史	d虪蕭史	b什	伞b	伞	伞什	伞史	13/13	1.0
f史	f		s	蕛		s史	蕛史		-				6/12	0.6736267634492854
p史	p	t	ts	t虪蕛	t史	ts史	t虪蕛史	p什	kp	k	k什	k史	13/13	1.0
3/3	3/3	2/3	3/3	3/3	2/3	3/3	3/3	2/3	2/2	2/3	2/3	2/3
1.0	1.0	0.9259297106463319	1.0	1.0	0.9258741779654911	1.0	1.0	0.8034706796056271	1.0	0.8686670143906876	0.8796914856451741	0.7788645463814579
