b	d	dz	b什	d什	dz什	伞	伞什	蔁	d蕬	10/10	1.0
v		z	v什		z什			蕭	蕬	6/10	0.7439436597029911
p	t	ts	p什	t什	ts什	k	k什	c	t蓵	10/10	1.0
f		s	f什		s什	x	x什	蕛	蓵	8/10	0.9112834092088115
4/4	2/4	4/4	4/4	2/4	4/4	3/4	3/4	4/4	4/4
1.0	0.9036894656578184	1.0	1.0	0.9072658771682904	1.0	0.9458984764575173	0.9574949807368185	1.0	1.0
