metric,Estimate,SE
elpd_loo,-945.738924334623,44.33278108468375
p_loo,306.5086683545589,15.732428599874922
looic,1891.477848669246,88.6655621693675
