metric,Estimate,SE
elpd_loo,-945.5563505059379,44.33859220582493
p_loo,305.6359251391941,15.797412030192293
looic,1891.1127010118757,88.67718441164986
