p	t	ts	k	4/4	1.0
b퍇퍈	d퍇퍈	-	토퍇퍈	3/3	1.0
v		z		2/4	0.6921112148810284
p퉗	t퉗	ts퉗	k퉗	4/4	1.0
		tz퍇퍈		1/4	0.2477649425272567
f		s		2/4	0.7295437254844072
5/6	3/6	5/5	3/6
0.9966151177761098	0.9214689887710523	1.0	0.818972212401353
