p	t	ts	 ą ā	c	k	q	t…ē	8/8	1.0
b	d	dz	…Ė ź	…ü	…°		d Ď	7/8	0.9837165956164603
		z			…£	 Ā	 Ď	4/8	0.5914464779751424
p į	t į	ts į	 ą ā į	c į	k į	q į	t…ē į	8/8	1.0
mb	nd	ndz	…≥…Ė ź	…≤…ü	Ňč…°	…ī…Ę	nd Ď	8/8	1.0
		s	 ā		x	Ōá	…ē	5/8	0.7009026813257633
4/6	4/6	6/6	5/6	4/6	6/6	5/6	6/6
0.7730307018256503	0.9013742500158113	1.0	0.8843664204213286	0.9161152747914569	1.0	0.9280385938004329	1.0
