metric,Estimate,SE
elpd_loo,-1573.4797002031173,33.45102942892345
p_loo,515.3847254639342,16.806742344825533
looic,3146.9594004062346,66.9020588578469
