p	t酞	t酞s酞	p什	t什	ts什	k	k什	8/8	1.0
f		s酞	f什		s什			4/8	0.7312083487156524
2/2	1/2	2/2	2/2	1/2	2/2	1/2	1/2
1.0	0.7736034254755918	1.0	1.0	0.8606655871903327	1.0	0.7571685870938502	0.7267888520023463
