ts	t虪蕛	2/2	1.0
ts拾		1/2	0.5667894727007649
2/2	1/2
1.0	0.8676256563345508
