p	t	ts	t虪蕛	k	k什	6/6	1.0
		s	蕛			2/6	0.5160654849487412
		ts拾				1/6	0.1062663032370445
1/3	1/3	3/3	2/3	1/3	1/3
0.7473185535655418	0.820404506815129	1.0	0.9081197777539002	0.7535738865609455	0.7741104385560903
