b	dz	d	d虪蕭	伞	5/5	1.0
v		冒			2/5	0.3497038378795226
拾p	拾ts	拾t	拾t虪蕛	拾k	5/5	1.0
p	ts	t	t虪蕛	k	5/5	1.0
f	s		蕛		3/5	0.6996492607595094
5/5	4/5	4/5	4/5	3/5
1.0	0.8639306443666974	0.914227570419963	0.9166613285457933	0.8018872028769052
