b	d퍍	d퍜	dz	토	5/5	1.0
b퍇	d퍍퍇	d퍜퍇	d퍇z퍇	토퍇	5/5	1.0
			s		1/5	0.5144925212791323
p	t퍍	t퍜	ts	k	5/5	1.0
p퉗	t퍍퉗	t퍜퉗	ts퉗	k퉗	5/5	1.0
4/5	4/5	4/5	5/5	4/5
0.8419662670981969	0.810618316821884	0.9580363616545342	1.0	0.8701631738797381
