p	t	kp	k	k史	c	6/6	1.0
b	d	伞b	伞	伞史	蔁	6/6	1.0
mb		艐m伞b				2/6	0.3479223744002352
f	s	-	x		蕛	4/5	0.9656862949474014
4/4	3/4	3/3	3/4	2/4	3/4
1.0	0.9859593245514725	1.0	0.98097208862059	0.7568824221445026	0.9911498692700371
