metric,Estimate,SE
elpd_loo,-1941.128155384217,30.545822575297837
p_loo,324.8331570738363,11.460131541207785
looic,3882.256310768434,61.091645150595674
