metric,Estimate,SE
elpd_loo,-1941.4164442248782,30.5382971204598
p_loo,327.17298635416364,11.515838146664336
looic,3882.8328884497564,61.0765942409196
