metric,Estimate,SE
elpd_loo,-1168.7007417675845,37.83159729088511
p_loo,724.5192162115867,24.374694722726613
looic,2337.401483535169,75.66319458177021
