ts	t虪蕛	2/2	1.0
dz	d虪蕭	2/2	1.0
ndz	n虪d虪蕭	2/2	1.0
nts		1/2	0.5707079505579147
4/4	3/4
1.0	0.9851102759234436
