p	t	p什	p史	kp	k	k什	k史	8/8	1.0
b	d	b什	b藸	伞b	伞	伞什	伞史	8/8	1.0
mb	nd	mb什	mb藸	艐m伞b		艐伞什	艐伞史	7/8	0.7305640258783492
b时		-	-	-				1/5	0.20565981065162334
mp	nt	mp什		艐mkp		艐k什	艐k史	6/8	0.7138554623900117
5/5	4/5	4/4	3/4	4/4	2/5	4/5	4/5
1.0	0.9898559790203042	1.0	0.9991709566789774	1.0	0.9548419228604937	0.9961596970499267	0.9999176795801313
