p	t	ts	tŐ† É	k	q	6/6	1.0
		s	 É		Ōá	3/6	0.5571204271692778
		s į			-	1/5	0.84381268929704
p ľ	t ľ	ts ľ	tŐ† É ľ	k ľ	q ľ	6/6	1.0
p į	t į	ts į	tŐ† É į	k į	q į	6/6	1.0
3/5	3/5	5/5	4/5	3/5	4/4
0.7741989098258766	0.902781759835089	1.0	0.9997638659012773	0.8580205429758282	1.0
