p	t	t蓵	kp	k什	-	k	6/6	1.0
b	d	d蕬	伞b	伞什	-	伞	6/6	1.0
蓳	蓷	-	-	蕜	-		3/4	0.9199464835173089
f	s		-		-		2/5	0.801810117654554
v			-		-		1/5	0.2720610496067276
杀v		-	-		-		1/4	0.518288389233408
mb	nd		艐m伞b	艐伞什	刹蔁蕬	艐伞	6/7	0.9948524265854968
7/7	5/7	2/5	3/3	4/7	1/1	3/7
1.0	0.9373307633551382	0.6677670623945252	1.0	0.9065305771739338	1.0	0.8143813979732836
