p	t	kp	k什	k	5/5	1.0
b	d	伞b	伞什	伞	5/5	1.0
mb	nd	艐m伞b	艐伞什	艐伞	5/5	1.0
蓳	蓷	-	蕜		3/4	0.9282728285770497
4/4	4/4	3/3	4/4	3/4
1.0	1.0	1.0	1.0	0.9942271009636375
