p	ps		ts	t	t虪蕛	t虪蕛史	p什	t蓵	ts什	t蓵史	kp	c//c什	k	c史	k史		15/17	0.9933145957934271
	-	-			-	-	-	-	-	-	藔kp	藔c	藔k	-	-		3/7	0.19530021768266775
b				d	d虪蕭	d虪蕭史	b什			-	伞b	蔁//蔁什	伞	蔁史	伞史	-	10/15	0.9479571070611866
藔b	-	-	-		-	-	-	-	-	-	藔伞b	-	-	-	-	藔伞史	3/4	0.7333894378102946
-	-	-	藔s	-	-	-	-	-	-	-	-	-	-	-	-	藔蕛史	2/2	1.0
v	-		z	冒	蕭	蕭史	v什		冒什	-	-			-		-	7/12	0.7338224658731483
f	-	涩	s		蕛	蕛史	f什			-	-					-	6/13	0.7182318068033191
5/6	1/2	1/4	4/6	3/6	4/4	4/4	4/4	1/4	2/4	1/1	4/4	3/5	3/5	2/3	2/4	2/4
0.9991198477777444	0.533142906981815	0.6559255064137869	0.9254410605790555	0.9530426620113824	1.0	1.0	1.0	0.5008387467590988	0.5164089332761697	1.0	1.0	0.9101399380862046	0.7980470823708858	0.5188452972417338	0.7002452403008701	0.007207859670904278
