p	ts	t	kp	k	tŐ† É	6/6	1.0
b	dz	d	…°b	…°	dŐ† í	6/6	1.0
…ď	-	…ó	-		 Ą	3/4	0.9199464835173089
…ďŐ•	-	…óŐ•	-		 ĄŐ•	3/4	0.8917051491579716
v	z	√į	-		 í	4/5	0.8120499573933159
mb	ndz	nd	Ňčm…°b	Ňč…°	nŐ†dŐ† í	6/6	1.0
f	s	őł	-		 É	4/5	0.8561598527117905
7/7	5/5	7/7	3/3	3/7	7/7
1.0	1.0	1.0	1.0	0.8142761233756302	1.0
