b	d酞	dz	d虪蕭	蓶	伞	6/6	1.0
		z	蕭	蕫	桑	4/6	0.6633646952514777
		s	蕛	蕚	x	4/6	0.7511008815304687
p拾	t酞拾	ts拾	t虪蕛拾	蕡拾	k拾	6/6	1.0
2/4	2/4	4/4	4/4	4/4	4/4
0.6109858906732345	0.5654253689765596	1.0	1.0	1.0	1.0
