b	d酞	dz	d	蓶	蔁蕽	伞	7/7	1.0
v		z	z酞	蕫	蕽		5/7	0.7289655969267802
p	t酞	ts	t	蕡	c莽	k	7/7	1.0
f	胃	s	s酞	蕚	莽	x	7/7	1.0
4/4	3/4	4/4	4/4	4/4	4/4	3/4
1.0	0.9342800749551732	1.0	1.0	1.0	1.0	0.9458984764575173
