metric,Estimate,SE
elpd_loo,-1019.7061098808181,35.21456104864663
p_loo,715.8422817513783,20.783022719947194
looic,2039.4122197616362,70.42912209729326
