b	bv	d	dz	b什	d什	伞b	伞	伞史	9/9	1.0
	v		z		蕭	-	桑		4/8	0.7810036085241893
p	pf	t	ts	p什	t什	kp	k	k史	9/9	1.0
筛	f		s		蕛	-	蠂	蕛史	6/8	0.914581404127622
3/4	4/4	2/4	4/4	2/4	4/4	2/2	4/4	3/4
0.9536321184563459	1.0	0.9036894656578184	1.0	0.6536694003264854	1.0	1.0	1.0	0.9382796553180645
