p	t	ts	tŐ† É	k	5/5	1.0
		s	 É		2/5	0.5160654849487412
p į	t į	ts į	tŐ† É į	k į	5/5	1.0
2/3	2/3	3/3	3/3	2/3
0.8419869567962608	0.9257349579337878	1.0	1.0	0.8701809348520083
