b	dz	d	氶	4/4	1.0
	z	簸	氿	3/4	0.7290361679906975
p	ts	t	k	4/4	1.0
	s			1/4	0.514683481130756
2/4	4/4	3/4	3/4
0.7765446790726911	1.0	0.9202310870766032	0.8754418110200178
