b	d酞	d酞z酞	d虪蕭	b什	d什	dz什	d虪蕭什	伞	伞什	10/10	1.0
v		z酞	蕭	v什		z什	蕭什	桑	桑什	8/10	0.9372176896982329
p	t酞	t酞s酞	t虪蕛	p什	t什	ts什	t虪蕛什	k	k什	10/10	1.0
f		s酞	蕛	f什		s什	蕛什	x	x什	8/10	0.9399535670345808
4/4	2/4	4/4	4/4	4/4	2/4	4/4	4/4	4/4	4/4
1.0	0.8337086869543983	1.0	1.0	1.0	0.9072658771682904	1.0	1.0	1.0	1.0
