p	t	ts	t虪	t虪蕛	k	k什	k史	8/8	1.0
尾								1/8	0.2642195799759689
mb	nd		n虪d虪		艐伞			4/8	0.7890615744734242
		s		蕛				2/8	0.49582270613675755
3/4	2/4	2/4	2/4	2/4	2/4	1/4	1/4
0.8513253021594998	0.9024938219897998	0.8022753159246874	0.4020551102269496	0.7651869877894248	0.8190709845644409	0.47240080218781805	0.6084294759036784
