ts	-	tsÊĠ	2/2	1.0
tsÊḞ	-	tsÊĠÊḞ	2/2	1.0
ndz	ndzÊĠ		2/3	0.9138551339576862
3/3	1/1	2/3
1.0	1.0	0.7516306995999082
