p	t…¨	t	ts	tŐ† É	k	6/6	1.0
			z	 í	…£	3/6	0.6504298506667114
	t…¨ į	t į	ts į	tŐ† É į	k į	5/6	0.7903848016187578
	t…¨ ľ	t ľ	ts ľ	tŐ† É ľ	k ľ	5/6	0.842759379720464
mb		nd				2/6	0.5743878310068774
	…¨		s	 É	x	4/6	0.7634618872049597
2/6	4/6	4/6	5/6	5/6	5/6
0.632273086172952	0.9135303829624914	0.9378906462169926	0.9386391183615684	0.8464551597410777	0.7744257182999515
