p	t	ts	t虪蕛	p什	t什	k	k什	k史	9/9	1.0
尾				尾什					2/9	0.2692054840450123
p拾	t拾	ts拾	t虪蕛拾	p什拾	t什拾	k拾	k什拾		8/9	0.9678031912492263
3/3	2/3	2/3	2/3	3/3	2/3	2/3	2/3	1/3
1.0	0.9788790186206147	0.7614002529393611	0.8944730253294907	1.0	0.9154835102457848	0.9383408563770245	0.9506291603473817	0.8223846421693423
