p	t	t虪蕛史	t史	kp	k	k史	-	t虪蕛	8/8	1.0
b	d		d史	伞b	伞	伞史	-	d虪蕭	7/8	0.9997186989311453
蓳	蓷	-		-		-	蔂蓳	蕜	4/6	0.9199196293964107
f				-			-	s	2/7	0.7400984927968791
v				-			-	z	2/7	0.7239709291139256
杀v		-	-	-			-		1/5	0.516944975960914
mb	nd	-	nd史	艐m伞b	艐伞	艐伞史		n虪d虪蕭	7/8	0.9990582660001
7/7	4/7	1/4	3/6	3/3	3/7	3/6	1/2	6/7
1.0	0.9024616614485331	0.3925929152226382	0.9011536653968819	1.0	0.8143813979732836	0.7467419539676405	0.7534493101379723	0.999633109419889
