p	t	t史	kp	k	k史	-	6/6	1.0
b	d	d史	伞b	伞	伞史	-	6/6	1.0
mb	nd	nd史	艐m伞b	艐伞	艐伞史		6/7	0.9989869395013217
蓳	蓷		-	蕜	-	蔂蓳	4/5	0.9997334471123245
4/4	4/4	3/4	3/3	4/4	3/3	1/2
1.0	1.0	0.9968392871311474	1.0	1.0	1.0	0.7534493101379723
