dz	d虪蕭	2/2	1.0
	t虪蕛	1/2	0.49183983432885503
1/2	2/2
0.1699828060503026	1.0
