p	p史	pf	t	ts	t虪蕛	p什	k	k什	k史	10/10	1.0
b		bv	d	dz	d虪蕭		伞	伞什	伞史	8/10	0.9962365536238943
		f		s			x		蕛史	4/10	0.6802274251111773
尾	尾史	v		z						4/10	0.5274503296727242
-	-	杀v		nz						2/8	0.92907114586155
mb	mb史		nd				艐伞		艐伞史	5/10	0.8170832496305128
							艐k		艐k史	2/10	0.22726733518876632
4/6	3/6	5/7	3/7	5/7	2/7	1/7	5/7	2/7	5/7
0.9524712072127217	0.4191455700833792	0.9999242920466997	0.8914530081275049	0.9834119052643138	0.6266229770640455	0.40472231468091496	0.9458984764575173	0.8058857514397896	0.9406044699245653
