metric,Estimate,SE
elpd_loo,-1671.138849022936,38.97070306075125
p_loo,539.2324152118075,21.616071137301724
looic,3342.277698045872,77.9414061215025
