b	dz	d	d虪蕭	伞什	伞	6/6	1.0
v	z	冒	蕭		桑	5/6	0.9668279890195106
p	ts	t	t虪蕛	k什	k	6/6	1.0
f	s	胃	蕛	莽		5/6	0.8338729025519536
4/4	4/4	4/4	4/4	3/4	3/4
1.0	1.0	1.0	1.0	0.9570453269298714	0.8749190575150683
