bv	dz	d虪蕭	蓶蕫	bz史	蓶蕫史	6/6	1.0
pf	ts	t虪蕛	蕡蕚	ps史	蕡蕚史	6/6	1.0
pf拾	ts拾	t虪蕛拾	蕡蕚拾	ps史拾		5/6	0.9919611422312907
3/3	3/3	3/3	3/3	3/3	2/3
1.0	1.0	1.0	1.0	1.0	0.7108198894903196
