p	t	ts	tŐ† É	 ą ā	c	k	q	8/8	1.0
		s	 É			x		3/8	0.5682914776700732
p ľ	t ľ	ts ľ	tŐ† É ľ	 ą ā ľ	c ľ	k ľ	q ľ	8/8	1.0
p į	t į	ts į	tŐ† É į	 ą ā į	c į	k į	q į	8/8	1.0
3/4	3/4	4/4	4/4	3/4	3/4	4/4	3/4
0.8403870396331203	0.9252142678489907	1.0	1.0	0.5558903779288882	0.8790317776185353	1.0	0.7116674456042693
