p	ts	t	t虪蕛	-	k	-	5/5	1.0
	s	胃	蕛	-		-	3/5	0.6216214376212635
v	z	冒	蕭	-	桑	刹蕭	6/6	1.0
mb		nd	n虪d虪蕭	nd什	艐伞	-	5/6	0.9564261483291906
3/4	3/4	4/4	4/4	1/1	3/4	1/1
0.8506161158324826	0.9295884114719304	1.0	1.0	1.0	0.8743618219758169	1.0
