b	d	dz	d虪蕭	蓶	蔁	伞	7/7	1.0
		s	蕛				2/7	0.5163330095922681
p	t	ts	t虪蕛	蕡	c	k	7/7	1.0
p拾	t拾	ts拾	t虪蕛拾	蕡拾	c拾	k拾	7/7	1.0
3/4	3/4	4/4	4/4	3/4	3/4	3/4
0.8411466124560619	0.9154843671387523	1.0	1.0	0.9799795241746977	0.8804773195954637	0.867369699552435
