b	d酞	dz	蔁蕽	伞	5/5	1.0
v		z	蕽		3/5	0.7222303019917207
p	t酞	ts	c莽	k	5/5	1.0
f		s	莽		3/5	0.7658613735974081
p拾	t酞拾	ts拾	c莽拾	k拾	5/5	1.0
5/5	3/5	5/5	5/5	3/5
1.0	0.8321446021172987	1.0	1.0	0.8191459656681378
