b	dz	d	d虪蕭	b什	dz什	d什	d虪蕭什	蔁	伞	10/10	1.0
v	z	冒	蕭	v什	z什	冒什	蕭什	蕽	桑	10/10	1.0
p	ts	t	t虪蕛	p什	ts什	t什	t虪蕛什	c	k	10/10	1.0
f	s		蕛	f什	s什		蕛什	莽	x	8/10	0.8970250459701737
4/4	4/4	3/4	4/4	4/4	4/4	3/4	4/4	4/4	4/4
1.0	1.0	0.9231574447474928	1.0	1.0	1.0	0.9296833540098453	1.0	1.0	1.0
