b	d酞	dz	蓶	蔁蕽	伞	6/6	1.0
b踏	d酞踏		蓶踏	蔁踏蕽	伞时	5/6	0.796868509953432
		s		莽		2/6	0.5681216373841802
p	t酞	ts	蕡	c莽	k	6/6	1.0
p拾	t酞拾		蕡拾		k拾	4/6	0.7020856853694112
4/5	4/5	3/5	4/5	4/5	4/5
0.8419662670981969	0.8153827108274095	0.9125238425294305	0.9801431128847967	0.9008014215324517	0.8684968054529676
