p	t	ts	k史	k	5/5	1.0
		s		蕛	2/5	0.7312718706580772
1/2	1/2	2/2	1/2	2/2
0.7012860405677015	0.8562298606560238	1.0	0.6200057528246669	1.0
