b	dz	d	d虪蕭	伞	5/5	1.0
v	z		蕭	桑	4/5	0.9236242080318701
p	ts	t	t虪蕛	k	5/5	1.0
f	s	胃	蕛		4/5	0.8018677361309872
4/4	4/4	3/4	4/4	3/4
1.0	1.0	0.9804820093604522	1.0	0.8754418110200178
