dz	d虪蕭	dz史	3/3	1.0
ts	t虪蕛		2/3	0.9918691283016351
ts拾	t虪蕛拾	ts史拾	3/3	1.0
3/3	3/3	2/3
1.0	1.0	0.36360229699338775
