b	b史		dz	d	d虪蕭	d史	dz史	b什	d什	蔁	伞	伞什	蔁史	伞史	14/15	0.999706168897753
尾	v史	v	z		蕭			尾什					-		6/14	0.6579707325017703
p	p史		ts	t酞	t虪蕛	t史		p什	t什	c	k	k什		k史	12/15	0.9980873363422086
	f史	f	s		蕛		蕛史								5/15	0.632987598635834
p拾			ts拾	t拾	t虪蕛拾	t史拾	ts史拾	p什拾		c拾	k拾		c史拾	k史拾	11/15	0.9876954069480688
4/5	4/5	2/5	5/5	3/5	5/5	3/5	3/5	4/5	2/5	3/5	3/5	2/5	2/4	3/5
0.9634668383295407	0.9937505168573912	0.9935139814889719	1.0	0.9025468272634085	1.0	0.9036990010587317	0.42324761252897775	0.8384046078306363	0.5804559790225937	0.8349159720229973	0.8191459656681378	0.7105663750230173	0.02010165039118267	0.7492554956114204
