p	t	ts	tŐ† É	 ą ā	k	q	7/7	1.0
b	d	dz	dŐ† í	…Ė ź	…°		6/7	0.9836418925654973
		z	 í	 ź	…£	 Ā	5/7	0.6494473393573629
 įp	 įt	 įts	 įtŐ† É	-	 įk	-	5/5	1.0
p į	t į	ts į	tŐ† É į	 ą ā į	k į	q į	7/7	1.0
mb	nd	ndz	nŐ†dŐ† í	…≥…Ė ź	Ňč…°		6/7	0.9993136402974726
mp į	nt į	nts į	nŐ†tŐ† É į	…≥ ą ā į	Ňčk į		6/7	0.8959681265266376
		s	 É	 ā		Ōá	4/7	0.5818032915523313
6/8	6/8	8/8	8/8	7/7	7/8	4/7
0.7739132451445961	0.9018141799159455	1.0	1.0	1.0	0.8990314468318188	0.9199726435942776
