bv	dz	d虪蕭	3/3	1.0
	ts	t虪蕛	2/3	0.9984631996211512
1/2	2/2	2/2
0.3191808887125712	1.0	1.0
