metric,Estimate,SE
elpd_loo,-1024.9966314118938,35.37802590089305
p_loo,683.9713276473939,20.34275536768444
looic,2049.9932628237875,70.7560518017861
