ts	tŐ† É	 ą ā	3/3	1.0
	dŐ† í	…Ė ź	2/3	0.7359591455214259
ts į	tŐ† É į	 ą ā į	3/3	1.0
ndz	nŐ†dŐ† í	…≥…Ė ź	3/3	1.0
nts į	nŐ†tŐ† É į		2/3	0.6396719630958482
4/5	5/5	4/5
0.852321873618043	1.0	0.9668377302038071
