p	t	ts	tŐ† É	 ą ā	c	k	q	8/8	1.0
b	d		dŐ† í	…Ė ź	…ü	…°		6/8	0.9527174388917645
f		s	 É	 ā		x	Ōá	6/8	0.8733061311421363
p į	t į	ts į	tŐ† É į	 ą ā į	c į	k į	q į	8/8	1.0
mb	nd	ndz	nŐ†dŐ† í	…≥…Ė ź	…≤…ü	Ňč…°		7/8	0.9993124995417579
mp į	nt į	nts į	nŐ†tŐ† É į		…≤c į	Ňčk į		6/8	0.7904350716178732
6/6	5/6	5/6	6/6	5/6	5/6	6/6	3/6
1.0	0.924354726269915	0.936091652863059	1.0	0.9818471982910337	0.8796584519430268	1.0	0.9096199591954198
