metric,Estimate,SE
elpd_loo,-1893.1466579824719,83.0198652783389
p_loo,442.34649672920966,35.8725751486474
looic,3786.2933159649438,166.0397305566778
