metric,Estimate,SE
elpd_loo,-1888.2350290163733,83.15688082250458
p_loo,435.74860048712657,35.298450715379815
looic,3776.4700580327467,166.31376164500915
