p	t	ts	t什	k	5/5	1.0
尾		蕭		桑	3/5	0.901060450344512
		s			1/5	0.5154939136139344
2/3	1/3	3/3	1/3	2/3
0.7367560574332369	0.8171934501200205	1.0	0.25473545996849134	0.7866522777445842
