p	t	ts	tŐ† É	 ą	k	6/6	1.0
		s	 É			2/6	0.5144925212791323
p į	t į	ts į	tŐ† É į	 ą į	k į	6/6	1.0
2/3	2/3	3/3	3/3	2/3	2/3
0.8419869567962608	0.916238517848951	1.0	1.0	0.9801431128847967	0.8701809348520083
