metric,Estimate,SE
elpd_loo,-1875.9414329646258,84.63189794888791
p_loo,504.09043387025343,39.34394168039226
looic,3751.8828659292517,169.26379589777582
