metric,Estimate,SE
elpd_loo,-1875.9977373932456,85.0051864574343
p_loo,505.49735915269656,39.74235411817837
looic,3751.9954747864913,170.0103729148686
