p	p史	t	t史	p什	kp	kp删	kp史	kp什	k	k什	k史	12/12	1.0
b	b史	d	d史	b什	伞b	伞b删			伞		伞史	9/12	0.9217130182015246
mb	mb史	nd	nd史	mb什	艐m伞b	-	-	-	艐伞		艐伞史	8/9	0.9466696617131861
mp	mp史	nt			艐mkp	艐mkp删	-	-	艐k		艐k史	7/10	0.9305401249283375
4/4	4/4	4/4	3/4	3/4	4/4	3/3	1/2	1/2	4/4	1/4	4/4
1.0	1.0	1.0	0.9983785137483061	0.9993707992724001	1.0	1.0	0.5223552024932423	0.6666666666666673	1.0	0.5427403403669121	1.0
