p	t	ts	t虪蕛	蕡蕚	t史	t虪蕛史	p什	t什	k	k什	k史	12/12	1.0
				蕫								1/12	0.043532014985827816
p拾	t拾	ts拾	t虪蕛拾	蕡蕚拾	t史拾	t虪蕛史拾	p什拾	t什拾	k拾	k什拾	k史拾	12/12	1.0
f		s	蕛		s史	蕛史			x	x什	x史	8/12	0.8404953104574074
3/4	2/4	3/4	3/4	3/4	3/4	3/4	2/4	2/4	3/4	3/4	3/4
0.9240875405472573	0.9034423347639959	0.8709288035440903	0.9236299312927462	0.5932265368002679	0.8801061793849979	0.7462411569241734	0.6508688205846297	0.6993989481083738	0.9458406081852454	0.9566817010084276	0.9619257370329851
