p	t	kp	k	-	k什	5/5	1.0
b	d	伞b	伞	-	伞什	5/5	1.0
mb	nd			艐b		3/6	0.6209109522824542
蓳	蓷	-				2/5	0.8011463163117492
f	s	-				2/5	0.5543661059201105
v	z	-			蕭	3/5	0.8083212115278197
	nz	-		-		1/4	0.41953452858499046
6/7	7/7	2/3	2/7	1/4	3/7
0.9992205501520934	1.0	0.949852369744157	0.7944030712391178	0.020653108880864725	0.4307733981330809
