b	d酞	dz	蓶	蔁蕽	伞	6/6	1.0
v		z		蕽		3/6	0.7158550643015558
p	t酞	ts	蕡	c莽	k	6/6	1.0
f		s		莽		3/6	0.7618935947768016
4/4	2/4	4/4	2/4	4/4	2/4
1.0	0.7561293592417255	1.0	0.9500227250121117	1.0	0.8208175339725856
