d酞僧酞|d僧	d酞|d	d酞z酞|dz	d虪蕭	伞	伞史	散	7/7	1.0
涩酞|涩		s酞|s	蕛	x	x史	蠂	6/7	0.9818757603352332
t酞涩酞拾|t涩拾	t酞拾|t拾	t酞s酞拾|ts拾	t虪蕛拾	k拾		q拾	6/7	0.9575649154766401
t酞涩酞始|t涩始	t酞始|t始	t酞s酞始|ts始	t虪蕛始	k始		q始	6/7	0.9273317154435908
4/4	3/4	4/4	4/4	4/4	2/4	4/4
1.0	0.9739034030212361	1.0	1.0	1.0	0.5738356740488879	1.0
