p	t	ts	t虪蕛	蕡蕚	k	k史	7/7	1.0
		s	蕛	蕚			3/7	0.4967845069926425
1/2	1/2	2/2	2/2	2/2	1/2	1/2
0.7012860405677015	0.8562298606560238	1.0	1.0	1.0	0.752767524145593	0.6200057528246669
