b	d酞	dz	d虪蕭	伞	5/5	1.0
v		z			2/5	0.5594104457232627
p	t酞	ts	t虪蕛	k	5/5	1.0
f		s	蕛		3/5	0.7331806241737292
4/4	2/4	4/4	3/4	2/4
1.0	0.8337086869543983	1.0	0.9236936179361749	0.8231799477121992
