p	t	ts	 ą	k	t…ē	6/6	1.0
		z			 Ď	2/6	0.42104604393548617
p į	t į	ts į	 ą į	k į	t…ē į	6/6	1.0
mb	nd	ndz	…≥…Ė	Ňč…°	nd Ď	6/6	1.0
		s			…ē	2/6	0.5315370127208552
3/5	3/5	5/5	3/5	3/5	5/5
0.7730141621468115	0.889186568929323	1.0	0.948690318668266	0.8310645082232612	1.0
