metric,Estimate,SE
elpd_loo,-1178.2413295619829,38.65829853781926
p_loo,702.5423763652027,24.53100941787324
looic,2356.4826591239657,77.31659707563853
