metric,Estimate,SE
elpd_loo,-510.555444043337,129.67915272944305
p_loo,280.09966111375934,8.504655869004178
looic,1021.110888086674,259.3583054588861
