metric,Estimate,SE
elpd_loo,-511.5402747077334,129.69507603384804
p_loo,278.87547557135775,8.496890069436075
looic,1023.0805494154667,259.3901520676961
