ts	t虪蕛	2/2	1.0
	n虪d虪蕭	1/2	0.6309688774855811
1/2	2/2
0.8188155348950458	1.0
