metric,Estimate,SE
elpd_loo,-945.4457260174672,44.60656459669846
p_loo,309.47532181231895,16.046324535087887
looic,1890.8914520349344,89.21312919339692
