metric,Estimate,SE
elpd_loo,-945.2006385697971,44.70410656892461
p_loo,312.6937759833832,16.236011687294194
looic,1890.4012771395942,89.40821313784922
