b	dz	d퍍	톘	토	5/5	1.0
b퍇	d퍇z퍇	d퍇	톘퍇	토퍇	5/5	1.0
	s				1/5	0.4845483924773559
	s퉗		-		1/4	0.8699144552468699
p	ts	t퍍	툳	k	5/5	1.0
p퉗	ts퉗	t퍍퉗	툳퉗	k퉗	5/5	1.0
4/6	6/6	4/6	4/5	4/6
0.7762526979290203	1.0	0.8913229610129009	0.9500227250121117	0.8226763827040819
