p	t	t虪蕛	kp	k	5/5	1.0
b	d	d虪蕭	伞b	伞	5/5	1.0
尾			-		1/4	0.27338423696899294
mb	nd	n虪d虪蕭	艐m伞b	艐伞	5/5	1.0
		s	-		1/4	0.517245883185746
4/5	3/5	4/5	3/3	3/5
0.8505385399226555	0.9024938219897998	0.8944317134960973	1.0	0.8213990083936559
