metric,Estimate,SE
elpd_loo,-1031.1151707081585,35.02544126898757
p_loo,670.9100030172261,20.07345837018211
looic,2062.230341416317,70.05088253797514
