p	t	kp	c	k	5/5	1.0
b	d	伞b	蔁	伞	5/5	1.0
mb	nd	艐m伞b	刹蔁	艐伞	5/5	1.0
蓳	蓷	-	蕜		3/4	0.9199464835173089
蓳胎	蓷胎	-	蕜胎		3/4	0.8917051491579716
5/5	5/5	3/3	5/5	3/5
1.0	1.0	1.0	1.0	0.9940681002376822
