b	d	dz	톘	토	d툼	6/6	1.0
		z			툼	2/6	0.42104604393548617
p	t	ts	툳	k	t톗	6/6	1.0
		s			톗	2/6	0.5315370127208552
p퉗	t퉗	ts퉗	툳퉗	k퉗	t톗퉗	6/6	1.0
3/5	3/5	5/5	3/5	3/5	5/5
0.7751802075349559	0.890458081361146	1.0	0.9496237466911986	0.8328155162657761	1.0
