p	t	ts	t虪蕛	k	q	6/6	1.0
尾				桑	蕘	3/6	0.5165430823452727
p拾	t拾	ts拾	t虪蕛拾	k拾	q拾	6/6	1.0
		s	蕛		蠂	3/6	0.5818032915523313
3/4	2/4	3/4	3/4	3/4	4/4
0.8517841863654817	0.9034423347639959	0.8738630362929248	0.9236299312927462	0.9001795111750567	1.0
