p	t	t虪蕛	kp	k	5/5	1.0
b	d	d虪蕭	伞b	伞	5/5	1.0
蓳	蓷	-	-		2/3	0.8038629283657579
v	z	蕭	-		3/4	0.7554035777741186
mb	nd	n虪d虪蕭	艐m伞b	艐伞	5/5	1.0
f	s	蕛	-		3/4	0.801866792995265
6/6	6/6	5/5	3/3	3/6
1.0	1.0	1.0	1.0	0.8118096695790433
