b	d酞	dz	伞	4/4	1.0
		s	蕛	2/4	0.7848747166613317
p拾	t酞拾		k拾	3/4	0.8854536387503956
2/3	2/3	2/3	3/3
0.70691467071388	0.713901230950545	0.8858477875638137	1.0
