b	d	dz	氶	4/4	1.0
帣				1/4	0.26975499175017215
p	t	ts	k	4/4	1.0
3/3	2/3	2/3	2/3
1.0	0.9825710229329105	0.8281785408186852	0.9405164447595633
