p史	p	t	kp	k	k什	k史	7/7	1.0
b史	b	d	伞b	伞	伞什	伞史	7/7	1.0
mb史	mb	nd	艐m伞b	艐伞	艐伞什	艐伞史	7/7	1.0
	蓳	蓷	-			-	2/5	0.8105199205337438
	mp	nt	艐mkp	艐k		艐k史	5/7	0.9308269372094126
	f	s	-				2/6	0.8492959489653563
	v	z	-				2/6	0.8143532262895793
-	杀v	nz	-				2/5	0.9439279858448234
-		ns	-	-	-	-	1/2	0.6661824181588568
3/7	8/9	9/9	4/4	4/8	3/8	4/7
0.7158117189790115	0.999916001362333	1.0	1.0	0.8139947351371385	0.7657106893695986	0.7296940146623353
