p	p史	t	kp	k	k什	k史	7/7	1.0
b	b史	d	伞b	伞	伞什	伞史	7/7	1.0
mb	mb史	nd	艐m伞b	艐伞	艐伞什	艐伞史	7/7	1.0
蓳		蓷	-			-	2/5	0.8105199205337438
mp		nt	艐mkp	艐k		艐k史	5/7	0.9308269372094126
5/5	3/5	5/5	4/4	4/5	3/5	4/4
1.0	0.9952287881634767	1.0	1.0	0.994295871219566	0.9379493422049908	1.0
