metric,Estimate,SE
elpd_loo,-1895.3972786448735,83.35602692018614
p_loo,414.1627340473742,33.990294153952966
looic,3790.794557289747,166.71205384037228
