metric,Estimate,SE
elpd_loo,-1891.1895901853388,83.26222876829422
p_loo,414.382872834449,33.86920496920202
looic,3782.3791803706777,166.52445753658844
