p	t	ts	t̠ʃ	-	c	k	6/6	1.0
b	d		d̠ʒ	-	ɟ	ɡ	5/6	0.9575587171875425
				-		ɣ	1/6	0.2121631720021747
mb	nd			nɟ		ŋɡ	4/7	0.8250118220411956
	nt			-		ŋk	2/6	0.5142418152314506
f		s		-			2/6	0.5430981412392102
4/6	4/6	2/6	2/6	1/1	2/6	5/6
0.915118566993745	0.903687025317938	0.7944472059586944	0.6265968549094871	1.0	0.8053943482030848	0.8749190575150683
