metric,Estimate,SE
elpd_loo,-1665.826071614038,39.736478032770215
p_loo,578.2889423936363,23.04146484961586
looic,3331.652143228076,79.47295606554043
