p	t	ts	 ą	c	k	t…ē	7/7	1.0
b	d	dz	…Ė	…ü	…°	d Ď	7/7	1.0
		z				 Ď	2/7	0.4210460439354861
p į	t į	ts į	 ą į	c į	k į	t…ē į	7/7	1.0
mb	nd	ndz				nd Ď	4/7	0.6494233647740769
		s				…ē	2/7	0.5315370127208552
4/6	4/6	6/6	3/6	3/6	3/6	6/6
0.7730141621468115	0.889186568929323	1.0	0.9426459878967051	0.8947335939440993	0.7994378535247981	1.0
