b	d酞	dz	d虪蕭	蓶	伞	6/6	1.0
		s	蕛			2/6	0.5375866368233712
p	t酞	ts	t虪蕛	蕡	k	6/6	1.0
p拾	t酞拾	ts拾	t虪蕛拾	蕡拾	k拾	6/6	1.0
3/4	3/4	4/4	4/4	3/4	3/4
0.8411466124560619	0.8134428548603798	1.0	1.0	0.9799795241746977	0.8691442296063112
