p	t	tŐ† É	kp	k	5/5	1.0
b	d	dŐ† í	…°b	…°	5/5	1.0
f	s	 É	-		3/4	0.8018101176545539
v	z	 í	-		3/4	0.7544057687450426
…Īv			-		1/4	0.516944975960914
mb	nd	nŐ†dŐ† í	Ňčm…°b	Ňč…°	5/5	1.0
6/6	5/6	5/6	3/3	3/6
1.0	0.9996250492179978	0.9999915812089449	1.0	0.8213990083936559
