p	p史	t	p什	kp	k	k史	7/7	1.0
b	b史	d	b什	伞b	伞	伞史	7/7	1.0
mb	mb史	nd		艐m伞b	艐伞	艐伞史	6/7	0.9871071467103576
3/3	3/3	3/3	2/3	3/3	3/3	3/3
1.0	1.0	1.0	0.8523384727271535	1.0	1.0	1.0
