b	d	dz	伞	4/4	1.0
		蕛		1/4	0.4886703028033799
		s始		1/4	0.4592647881000481
p	t	ts	k	4/4	1.0
p始	t始	ts始	k始	4/4	1.0
3/5	3/5	5/5	3/5
0.7744934158250603	0.9030712129616154	1.0	0.8215872619076694
