metric,Estimate,SE
elpd_loo,-1175.50869458598,38.016707474132275
p_loo,720.7408210017213,24.483308673074657
looic,2351.01738917196,76.03341494826455
