mp	n퍍t퍍	nt	톱툳	콂k	5/5	1.0
p	t퍍	t	툳	k	5/5	1.0
				톢	1/5	0.24403064611803282
2/3	2/3	2/3	2/3	3/3
0.8761122148127328	0.6758122226963538	0.8725850277171228	0.9097777186587144	1.0
