p	t涩	t	ts	t虪蕛	k	k史	q	q史	9/9	1.0
	-		s	蕛		x史	蠂	蠂史	5/8	0.627401849313841
p始	t涩始	t始	ts始	t虪蕛始	k始	k史始	q始	q史始	9/9	1.0
2/3	2/2	2/3	3/3	3/3	2/3	3/3	3/3	3/3
0.8414029722061576	1.0	0.9572618434659242	1.0	1.0	0.8972899081837833	1.0	1.0	1.0
