p	t	ts	tŐ† É	k	t…ē	6/6	1.0
b	d	dz	dŐ† í	…°	d Ď	6/6	1.0
	-	s į	 É į		…ē į	3/5	0.9284368285607071
		z	 í		 Ď	3/6	0.42473634297443924
p į	t į	ts į	tŐ† É į	k į	t…ē į	6/6	1.0
mb	nd	ndz	nŐ†dŐ† í	Ňč…°	nd Ď	6/6	1.0
		s	 É		…ē	3/6	0.5322426185091801
4/7	4/6	7/7	7/7	4/7	7/7
0.773099574294249	0.9013775532553205	1.0	1.0	0.831067123003392	1.0
