b	d퍍	dz	d툼	토	5/5	1.0
		s		x	2/5	0.7314161523618082
p	t퍍	ts	t톗	k	5/5	1.0
p퉗	t퍍퉗	ts퉗		k퉗	4/5	0.9807234979148737
3/4	3/4	4/4	2/4	4/4
0.8411466124560619	0.8715501654873856	1.0	0.6306091569648254	1.0
