b	d酞	dz	蓶	蔁蕽	伞	6/6	1.0
		z				1/6	0.3640383068259435
p	t酞	ts	蕡	c莽	k	6/6	1.0
		s	蕚			2/6	0.5465139445443868
2/4	2/4	4/4	3/4	2/4	2/4
0.7765446790726911	0.7561293592417255	1.0	0.9387263152290182	0.8371047217913103	0.8208175339725856
