p	t	tŐ† É	kp	k	5/5	1.0
b	d	dŐ† í	…°b	…°	5/5	1.0
v	z	 í	-	 ē	4/4	1.0
			Ňčm…°b		1/5	0.017441250571423587
			Ňčmkp		1/5	0.000420327152270115
f	s	 É	-	Ōá	4/4	1.0
4/6	4/6	4/6	4/4	4/6
0.968941729313137	0.9755135532431307	0.9803900439354666	1.0	0.9722341636875151
