p	t	kp	k	4/4	1.0
b	d	ﾉ｡b	ﾉ｡	4/4	1.0
		ﾅ砧ﾉ｡b		1/4	0.018556011664332895
		ﾅ砧kp		1/4	0.0005412952392669272
2/4	2/4	4/4	2/4
0.9599877666047575	0.9643405534530682	1.0	0.9654262911775143
