b	d	dz	d虪蕭	d什	伞	6/6	1.0
尾			蕭			2/6	0.4007588331997752
p	t	ts	t虪蕛	t什	k	6/6	1.0
筛		s	蕛		x	4/6	0.876246539885007
p拾	t拾	ts拾	t虪蕛拾		k拾	5/6	0.9928335282358267
5/5	3/5	4/5	5/5	2/5	4/5
1.0	0.9025973360187686	0.8731501468832646	1.0	0.3371835830778947	0.9502761478561598
