p	t	ts	t什	kp	k	6/6	1.0
尾				-	桑	2/5	0.4397901519801535
		s	蕛	-		2/5	0.6004594214689513
2/3	1/3	2/3	2/3	1/1	2/3
0.7367560574332369	0.8171934501200205	0.8374438217857043	0.8783072033637922	1.0	0.7866522777445842
