b	dz酞	d	d虪蕭	伞	伞史	散	散史	8/8	1.0
	z酞							1/8	0.27022931823624724
p	ts酞	t酞	t虪蕛	k	k史	q	q史	8/8	1.0
f	s酞		蕛					3/8	0.672547110944108
3/4	4/4	2/4	3/4	2/4	2/4	2/4	2/4
0.9241790684885567	1.0	0.903639454107945	0.9236936179361749	0.8598678076230013	0.8117901214674031	0.6342238500386337	0.5359966302972187
