-	p	t	kp	k	4/4	1.0
b酞	b	d	伞b	伞	5/5	1.0
-	mb	nd	艐m伞b	艐伞	4/4	1.0
-	蓳	蓷	-		2/3	0.8038629283657579
-	f	s	-		2/3	0.801810117654554
-	v	蕭	-		2/3	0.7544057687450426
-	杀v	n虪蕭	-		2/3	0.939071523391785
1/1	7/7	7/7	3/3	3/7
1.0	1.0	1.0	1.0	0.8068044164390816
