-	p	t	kp	k	4/4	1.0
b퍍	b	d	토b	토	5/5	1.0
-	mb	nd	콂m토b	콂토	4/4	1.0
-	톕	톙	-		2/3	0.8039092654945108
1/1	4/4	4/4	3/3	3/4
1.0	1.0	1.0	1.0	0.9879946527695005
