metric,Estimate,SE
elpd_loo,-1574.642729528953,33.883197920856446
p_loo,512.3761195569471,16.886553302473953
looic,3149.285459057906,67.76639584171289
